Month,DayofMonth,DayOfWeek,DepTime,UniqueCarrier,Origin,Dest,Distance,dep_delayed_15min
8,21,7,1934,AA,ATL,DFW,732,N
4,20,3,1548,US,PIT,MCO,834,N
9,2,5,1422,XE,RDU,CLE,416,N
11,25,6,1015,OO,DEN,MEM,872,N
10,7,6,1828,WN,MDW,OMA,423,Y
8,3,4,1918,NW,MEM,MCO,683,N
1,27,4,754,DL,PBI,LGA,1035,N
4,29,6,635,OH,MSP,CVG,596,N
7,28,5,735,AA,ONT,DFW,1189,N
6,20,2,2029,OO,DEN,PSC,853,N
5,21,6,1736,DL,BDL,CVG,661,N
3,5,7,1205,WN,PHX,STL,1262,N
10,6,4,2124,AS,LAS,SEA,866,N
8,20,6,737,AA,DFW,SJC,1438,N
11,10,4,1447,UA,DEN,SJC,948,N
9,20,2,1642,MQ,DSM,ORD,299,N
9,19,2,1801,CO,CMH,IAH,986,N
7,26,2,620,DL,ORF,ATL,516,N
10,14,5,1704,OO,SLC,SEA,689,Y
10,5,4,1205,US,PHX,CMH,1671,N
8,22,2,1521,AA,CLT,DFW,936,N
6,21,3,1519,EV,ATL,ILM,377,Y
11,26,6,1417,DL,GSO,ATL,306,N
11,9,3,918,DH,IAD,CMH,299,N
12,31,6,1837,DL,ATL,MSP,906,N
4,4,1,635,WN,SMF,PHX,647,N
7,3,7,1350,AA,FLL,LGA,1076,N
4,16,7,1235,WN,DAL,AUS,189,N
5,31,3,1513,MQ,ORD,SYR,607,N
4,18,1,619,AA,ORD,LAX,1745,N
8,30,3,610,YV,ITO,HNL,216,N
5,9,1,1327,AA,DFW,ORF,1213,N
1,20,5,1130,DL,ORD,CVG,264,N
12,3,7,1653,EV,ATL,MYR,317,Y
10,1,6,1454,DL,SLC,PDX,630,N
3,24,4,2303,US,CLT,CHS,168,Y
5,6,5,1728,WN,SAN,SMF,480,Y
5,5,4,650,EV,ROA,ATL,357,N
1,28,5,2046,MQ,LGA,DTW,501,N
7,9,6,747,MQ,ORD,MEM,491,N
9,20,2,707,MQ,SFO,SNA,372,N
7,15,5,1144,F9,DEN,PHL,1557,N
3,17,4,823,DH,GSP,IAD,383,N
4,18,1,1200,WN,SEA,PHX,1107,N
9,8,5,809,DL,DAB,ATL,366,N
11,10,4,1825,WN,SJC,LAX,308,N
3,10,4,742,UA,DFW,ORD,802,N
4,12,2,1913,MQ,LIT,DFW,304,N
10,3,2,716,UA,LAX,SEA,954,N
10,20,5,2312,AQ,OAK,LAS,407,Y
9,9,6,1520,YV,SEA,PHX,1107,Y
2,21,2,555,YV,COS,PHX,551,N
7,24,7,1050,OH,OKC,CVG,756,N
8,14,1,1519,TZ,PHX,OGG,2845,N
2,15,2,1527,MQ,DFW,ABI,158,N
3,17,4,551,UA,GRR,ORD,137,N
7,21,4,1405,HP,SJC,LAS,386,N
12,1,4,1854,B6,JFK,PHX,2153,N
9,5,2,1831,FL,ATL,MSP,906,Y
6,7,3,1020,WN,BOI,SLC,291,N
10,28,5,658,CO,ORD,EWR,719,N
1,18,3,1830,DL,ATL,MEM,332,N
4,19,2,1519,DL,MCI,ATL,692,N
1,27,5,1435,WN,BWI,PVD,328,N
3,26,6,1310,AA,BHM,DFW,597,N
4,29,5,1928,MQ,CRP,DFW,354,N
10,3,2,827,F9,DEN,SFO,967,N
7,22,5,1955,OH,BOS,RDU,612,N
7,25,2,1723,WN,DEN,MDW,895,N
9,4,7,1645,WN,SAT,DAL,248,N
4,8,6,631,XE,PHL,CLE,363,N
6,5,7,1436,US,ORF,PHL,211,N
6,6,2,1932,UA,DEN,DTW,1123,Y
7,2,7,700,NW,MSP,LAS,1300,N
12,10,7,813,WN,DAL,SAT,248,N
12,14,4,1809,WN,STL,SLC,1156,N
12,15,4,1230,WN,BOI,RNO,335,N
10,6,5,2010,OH,LGA,JAX,834,Y
5,15,1,1430,OO,CIC,SFO,153,N
5,2,2,1350,WN,AUS,HRL,273,N
4,27,4,557,AA,LGA,ORD,733,N
11,29,2,610,AA,SLC,ORD,1249,N
1,24,2,1344,XE,IAH,JAN,351,N
6,25,7,555,OO,COD,SLC,298,N
10,22,6,1248,HA,HNL,SMF,2462,N
6,16,4,1345,WN,RNO,PDX,444,Y
10,18,2,1956,AA,ORD,EWR,719,N
3,12,7,1250,MQ,BNA,ORD,409,Y
12,25,7,1020,WN,TPA,ISP,1034,N
2,14,2,907,NW,DFW,DTW,987,N
10,27,4,1907,F9,DEN,DFW,641,N
1,28,5,2135,WN,BNA,TPA,612,N
5,9,1,758,AA,MIA,JFK,1090,N
12,16,6,955,OO,SLC,FCA,532,N
5,29,1,1709,DL,ATL,PIT,526,N
3,13,7,1510,OH,EVV,CVG,170,N
5,10,3,1514,XE,PNS,IAH,489,N
1,1,6,1100,WN,LAS,MDW,1521,N
7,21,4,1046,WN,SAN,SJC,417,Y
1,14,6,937,US,EWR,CLT,529,N
7,16,6,1003,AA,DFW,AUS,190,N
2,3,5,1920,WN,LAX,PHX,370,Y
4,16,7,1913,US,CLT,BUF,546,N
12,24,6,1819,CO,IAH,OKC,395,N
7,26,3,1152,WN,PHL,LAS,2176,N
2,19,7,1011,UA,DEN,IAH,861,N
9,7,4,1922,AS,SEA,ANC,1449,Y
3,11,5,1735,CO,BWI,IAH,1235,N
8,28,1,831,FL,RSW,ATL,515,N
6,4,7,2126,UA,DEN,LAX,862,N
12,13,3,1953,YV,JFK,IAD,228,Y
10,24,2,1557,DL,ATL,SAN,1891,N
3,22,2,605,AS,ANC,BET,399,N
5,8,7,1004,AS,ONT,SEA,956,N
4,25,2,1806,AS,OAK,SEA,671,N
4,14,5,952,US,CLT,FLL,631,N
12,13,3,1547,MQ,LAX,SBA,89,N
10,13,4,1752,OO,MCI,ORD,403,N
12,9,6,945,YV,PHX,GJT,438,N
12,15,4,1241,XE,CRP,IAH,201,Y
8,7,7,1427,OO,SNA,LAX,36,N
9,13,3,1650,WN,AMA,DAL,324,N
3,10,5,848,UA,MSP,DEN,680,N
3,30,4,2120,AA,LAX,MIA,2342,N
4,11,2,805,EV,STL,SLC,1156,N
12,23,6,604,UA,SFO,DEN,967,N
1,31,2,1431,OO,DEN,BZN,525,N
9,16,5,843,AA,ORD,DEN,888,Y
5,23,1,1540,OH,CID,CVG,419,N
11,26,7,646,OO,ORD,FWA,157,N
8,7,7,933,DL,RSW,ATL,515,N
8,17,3,1317,MQ,ORD,SYR,607,N
10,22,7,1417,WN,BWI,BDL,283,N
10,14,5,713,NW,DTW,MCO,957,N
12,28,4,1926,EV,ATL,CLE,554,N
9,4,7,1733,AS,DCA,SEA,2329,N
3,17,5,1657,CO,PHX,IAH,1009,Y
3,4,6,1725,AS,LGB,SEA,965,N
3,4,5,645,MQ,SAN,LAX,109,N
5,26,5,1636,UA,ORD,BDL,783,N
1,2,7,1717,UA,DEN,BOI,649,N
2,24,5,830,UA,ONT,DEN,819,N
1,22,7,1954,DL,ATL,GSO,306,Y
6,10,6,1619,EV,GSP,CVG,317,Y
9,16,5,902,UA,SNA,ORD,1726,N
6,26,7,1440,WN,MAF,DAL,319,N
5,2,1,1142,DL,ATL,GSP,153,N
10,6,4,1340,MQ,CRP,DFW,354,N
2,4,5,1050,WN,LAS,OAK,407,N
6,1,4,1942,DL,ATL,IAD,533,Y
10,29,7,912,NW,MSP,LAX,1536,N
9,11,1,2010,UA,LAX,LAS,236,N
7,13,3,1335,CO,LAS,IAH,1222,Y
4,11,2,1851,OO,DEN,MEM,872,N
5,18,3,1217,NW,DTW,LAN,74,N
7,19,3,2105,TZ,MDW,DFW,797,N
8,26,6,1634,AA,MFE,DFW,468,N
8,22,2,553,YV,BMI,ORD,116,N
7,25,2,1407,F9,MSP,DEN,680,N
6,24,6,626,MQ,SAN,SJC,417,N
4,27,4,2051,OO,ORD,FWA,157,N
10,13,4,1132,AA,MFE,DFW,468,N
10,1,6,1112,AS,PDX,LAS,762,N
11,18,5,1423,OO,LAX,SJC,308,N
10,28,5,1322,DL,ATL,STL,483,Y
6,1,4,650,NW,LAS,MSP,1300,N
4,26,3,1210,OO,IPL,YUM,58,N
8,30,2,1243,MQ,ORD,MKE,67,N
9,22,4,1554,UA,SFO,SAN,447,N
11,18,5,1955,MQ,GRB,MQT,134,N
8,5,5,1929,UA,LAX,SFO,337,N
12,1,4,1913,WN,SJC,ONT,333,N
11,13,1,1528,OO,SLC,SJC,585,N
2,27,7,1827,OO,DEN,ELP,563,N
4,18,1,1117,DL,AUS,ATL,813,N
4,22,6,1438,OH,MCI,MCO,1072,N
4,28,4,2037,AS,SEA,LAX,954,N
6,6,2,1736,OO,FAR,ORD,557,N
4,11,1,1127,HP,LAS,DEN,629,N
12,3,6,1625,XE,IAH,RDU,1043,N
7,19,2,1708,MQ,DFW,LBB,282,N
12,28,4,1753,WN,HOU,JAN,359,Y
6,11,7,1829,OO,MTJ,DEN,197,N
11,11,5,1509,NW,DTW,JAX,814,N
10,8,6,1056,US,CLT,PHL,448,N
6,29,4,2052,XE,DCA,EWR,199,N
6,16,4,1259,DL,SLC,CVG,1449,N
5,22,1,834,DL,ATL,PBI,545,N
9,10,6,1802,NW,BOS,DTW,632,N
7,9,7,2059,B6,JFK,SJU,1597,N
5,25,4,905,YV,DRO,DEN,251,N
5,29,1,1132,US,RDU,PHL,336,N
7,9,6,815,DH,IAD,CHS,441,N
11,3,4,1210,WN,TPA,PVD,1137,N
9,5,2,835,AA,CLT,DFW,936,N
6,17,6,1235,YV,IAD,LGA,229,N
8,4,4,1204,NW,ONT,MSP,1494,N
3,7,2,1545,EV,MLU,ATL,448,N
9,2,5,1202,DL,VPS,ATL,264,N
3,22,3,1412,UA,IAH,DEN,861,N
4,27,4,1825,WN,PHX,SAN,304,N
7,4,2,2042,US,LAS,PDX,762,N
5,24,2,1058,AA,MIA,LGA,1097,Y
7,31,1,1647,AA,ATL,MIA,595,N
6,20,1,920,WN,STL,OKC,462,Y
12,23,5,724,CO,SEA,IAH,1874,N
5,17,3,1252,UA,SAN,IAD,2253,N
9,26,1,2050,NW,MDW,MSP,349,Y
1,12,3,633,DL,BOS,ATL,946,Y
10,14,6,850,AA,TUL,DFW,237,Y
3,14,1,1140,OH,CVG,ACY,542,N
1,8,7,1454,EV,ATL,CAK,528,Y
8,7,1,2037,AA,DFW,PDX,1616,Y
9,18,7,1622,OO,SBA,SLC,615,N
2,10,5,930,YV,PWM,IAD,494,N
5,17,2,615,WN,RNO,SJC,188,N
7,7,4,1124,OO,IDA,SLC,188,N
3,4,6,1127,NW,MCO,DTW,957,N
4,11,2,2141,OO,ORD,MEM,491,Y
4,8,6,725,OH,SAT,CVG,1024,Y
10,7,6,2112,DL,SLC,PDX,630,N
4,5,2,550,WN,PHX,LAS,256,N
7,16,7,1806,DL,ATL,PHL,665,N
3,27,7,1125,WN,ONT,SMF,389,N
3,17,5,1815,NW,PHX,MSP,1276,Y
2,27,1,1915,B6,FLL,JFK,1069,N
4,27,4,750,OO,LAX,ABQ,677,N
5,13,5,1329,DL,ATL,JAX,270,N
12,23,5,1727,OO,ACV,SFO,250,Y
10,1,7,1337,B6,JFK,PBI,1028,Y
4,11,1,1618,DL,ATL,LAX,1946,N
4,29,5,828,NW,CHS,DTW,668,N
7,27,4,1323,WN,PHL,MCO,861,Y
2,23,3,657,DL,STL,ATL,483,N
11,26,6,1024,NW,DTW,LAN,74,N
12,23,5,555,OH,BGM,CVG,506,N
3,11,5,1747,UA,MSY,ORD,837,N
5,4,4,1820,UA,DEN,MSP,680,N
7,13,3,1229,EV,ATL,MSP,906,N
2,20,1,1534,HA,OGG,KOA,84,N
9,10,6,1729,OH,JFK,STL,892,N
11,16,3,1407,AA,LGA,BNA,764,N
7,18,2,1856,UA,DEN,RNO,804,Y
4,13,4,926,MQ,LGA,RDU,431,N
9,28,4,1748,CO,SFO,IAH,1635,N
6,17,5,1425,OH,DSM,CVG,505,N
4,17,7,2029,XE,CLE,BNA,448,N
3,10,5,802,OO,SLC,IDA,188,N
6,2,5,1804,EV,ATL,EVV,350,Y
5,15,7,726,CO,EWR,MCO,938,N
3,28,2,1656,UA,ORD,PIT,412,Y
6,2,4,1653,US,MCI,CLT,809,N
6,3,5,2017,DL,MOB,ATL,302,Y
2,2,4,710,WN,BWI,MCO,787,N
6,24,5,1002,FL,CAK,ATL,528,N
4,12,3,925,DL,ATL,SAT,874,N
3,6,7,1712,NW,MSP,LAS,1300,N
5,21,6,1604,MQ,SAN,SJC,417,N
8,6,7,1917,US,DCA,TPA,814,N
2,21,1,1259,DL,SNA,SLC,588,N
5,6,6,1901,US,RSW,CLT,600,N
4,6,3,621,NW,DCA,DTW,405,N
4,8,5,1046,MQ,LIT,DFW,304,N
1,17,1,645,EV,FAY,ATL,331,N
9,18,7,1641,EV,DSM,ATL,743,N
2,10,5,1453,OO,DEN,ELP,563,N
4,7,4,1525,MQ,LIT,DFW,304,N
6,29,4,1606,XE,SHV,IAH,192,Y
2,1,3,1123,WN,TUS,SAN,367,N
12,31,7,1503,WN,DEN,LAS,629,N
11,21,2,1311,NW,IND,DTW,231,N
5,31,2,959,UA,STL,ORD,258,N
12,15,4,1456,MQ,LAX,SAN,109,N
8,10,3,2255,EV,ATL,LEX,303,N
8,4,5,1445,AQ,HNL,ITO,216,N
11,15,2,705,DH,CAE,IAD,401,N
12,3,7,1507,OO,SLC,RNO,422,N
3,31,5,1311,XE,PHL,CLE,363,N
12,3,7,1220,OH,JFK,BUF,301,N
6,2,4,1710,WN,SLC,BOI,291,N
3,12,6,2022,OO,TUS,LAX,451,N
8,13,7,1808,AA,MCO,DFW,984,Y
7,2,6,1334,NW,MSP,MCO,1310,N
9,5,1,2233,OO,SFO,SBP,191,N
5,6,6,1401,WN,OAK,PDX,543,Y
9,23,6,1906,WN,PVD,TPA,1137,N
5,20,6,1209,AA,ONT,DFW,1189,N
2,27,7,1908,OH,DCA,BOS,399,N
12,26,1,758,AS,SEA,KTN,680,N
11,27,7,831,OO,ORD,SGF,438,N
10,29,7,1715,NW,ROC,DTW,296,N
4,7,5,630,XE,CHS,IAH,925,N
7,10,7,652,XE,CRP,IAH,201,N
8,22,1,638,OO,MFR,SLC,575,N
12,5,1,1640,WN,OAK,SAN,446,N
8,21,7,733,DL,IAD,ATL,533,N
6,29,4,2055,AA,DFW,BNA,631,N
7,19,2,1838,NW,MSP,RDU,981,N
8,15,2,1700,EV,VLD,ATL,208,Y
2,5,7,2040,US,PHL,SFO,2521,Y
12,25,1,809,WN,PHL,HOU,1335,Y
10,21,6,1313,EV,MDW,ATL,590,N
12,19,1,1455,OH,CVG,ALB,623,N
4,20,3,1725,NW,TPA,DTW,983,N
6,14,2,1442,DL,AUS,CVG,958,N
12,5,1,1229,UA,DEN,LGA,1619,N
3,21,2,2125,WN,DAL,TUL,237,N
8,29,1,1920,XE,CLE,ABE,339,N
6,16,4,1120,WN,OAK,SNA,371,Y
11,22,3,709,WN,ELP,AUS,528,N
9,21,4,1140,WN,SAT,DAL,248,N
12,11,1,2352,UA,ORD,SFO,1846,Y
4,27,3,920,OH,RIC,CVG,413,N
5,21,7,949,NW,DTW,PVD,614,N
12,29,5,1500,NW,DTW,TPA,983,Y
1,19,4,2053,MQ,BOS,JFK,187,N
8,10,4,2115,MQ,DFW,AMA,313,Y
10,4,3,1152,CO,IAH,MCO,853,N
9,10,6,730,WN,OAK,SNA,371,N
8,24,3,1649,HP,BWI,PHX,1999,N
5,22,7,1456,MQ,DFW,LIT,304,N
12,19,1,727,XE,OKC,EWR,1325,N
8,20,7,616,MQ,MKE,ORD,67,N
9,19,2,1228,US,TPA,PIT,873,N
10,6,5,754,AS,SEA,ANC,1449,N
2,24,5,1010,US,PHX,IND,1489,N
1,11,2,1055,OH,SGF,CVG,491,Y
8,30,2,1931,DL,ATL,DTW,594,N
12,19,2,1647,OO,TYS,ORD,475,N
2,10,5,1557,CO,BWI,IAH,1235,N
8,28,7,1142,US,PHL,RDU,336,N
8,31,3,1625,AA,ORD,SEA,1721,N
4,5,2,1459,OO,CLE,DEN,1201,N
12,27,3,1110,OH,CVG,ROA,282,N
1,19,4,1743,DL,ATL,LEX,303,N
9,19,1,1430,OH,TPA,LEX,704,N
9,30,5,1905,WN,MAF,AUS,294,N
8,14,1,1603,AS,LAX,SEA,954,N
10,27,5,2202,MQ,ORD,GSP,577,Y
1,20,5,1927,US,CLT,ROC,573,N
7,4,2,1714,WN,LAS,ELP,584,N
10,27,5,956,AA,SAN,DFW,1171,N
6,2,4,654,DL,STL,ATL,483,N
8,2,3,1034,AA,SAT,DFW,247,N
7,31,1,45,DL,LAX,ATL,1946,Y
7,17,7,1047,WN,SMF,LAX,373,N
10,12,3,1724,UA,DEN,SMF,910,Y
3,10,5,727,AA,ORF,DFW,1213,N
12,28,3,943,EV,ATL,SAV,215,Y
11,17,4,1900,EV,CVG,TOL,181,Y
2,22,3,600,WN,PDX,OAK,543,N
5,3,3,1150,OH,CHO,CVG,342,N
12,27,2,2224,WN,SJC,ONT,333,Y
12,22,4,1101,EV,SHV,ATL,552,N
4,3,7,1644,UA,SFO,OGG,2338,N
5,24,3,1208,UA,SJC,DEN,948,Y
11,7,2,1418,DL,ATL,SAT,874,N
11,25,5,2022,AS,ANC,SEA,1449,N
6,15,3,1500,AA,DFW,DTW,987,N
8,1,2,1413,DL,ATL,CHS,259,N
5,27,5,1102,DL,DAB,ATL,366,N
4,4,2,1450,WN,CLE,LAS,1825,N
3,14,1,810,UA,EGE,DEN,121,N
3,5,6,1149,OO,DEN,FAT,844,N
5,28,7,1514,XE,EWR,MCI,1092,N
12,29,4,1941,AA,RSW,ORD,1120,N
5,27,5,2045,XE,CLE,MSN,402,N
9,7,3,1608,AA,MCO,BOS,1121,N
8,27,6,2023,HP,SFO,LAS,414,N
9,11,1,558,AS,ANC,SEA,1449,N
2,20,1,1652,XE,CLE,DFW,1021,N
4,20,3,2111,US,CLT,DCA,331,N
9,1,4,1827,OO,SLC,FCA,532,N
1,17,1,1714,DL,RDU,ATL,356,N
10,5,3,659,AA,IAH,DFW,224,N
5,10,3,1003,UA,ORD,OAK,1835,N
2,24,5,943,OO,BOI,SLC,291,N
8,16,3,558,AS,SEA,SJC,697,N
7,23,7,938,NW,PHL,DTW,453,N
5,19,5,1451,OO,SAN,SLC,626,N
12,8,5,724,US,IAD,PHX,1956,Y
10,22,7,2326,B6,JFK,CMH,483,Y
4,15,5,1146,DL,SNA,ATL,1919,N
8,23,3,1015,MQ,GSP,DFW,862,N
9,16,6,1741,MQ,TYS,ORD,475,N
5,20,5,1156,NW,GRR,DTW,120,N
8,22,2,1114,XE,EWR,RDU,416,N
8,28,1,1640,AA,MFE,DFW,468,N
1,16,7,1953,US,PHL,PIT,267,N
7,14,4,643,HP,LAX,PHX,370,N
12,21,3,655,XE,MCI,EWR,1092,N
9,18,1,1738,AA,BOS,DFW,1562,N
6,29,4,657,US,ELP,PHX,347,Y
9,8,5,1916,XE,IAH,GRR,1042,N
11,11,6,1036,AA,DFW,BUR,1231,N
12,28,3,1907,DL,SLC,SEA,689,N
3,20,7,1239,UA,LAS,ORD,1515,N
9,21,4,1302,HA,HNL,SFO,2398,N
10,10,1,2205,DL,ATL,SAN,1891,Y
10,24,1,1305,OO,BIS,DEN,517,N
1,25,2,1803,XE,JAN,IAH,351,N
9,23,6,1533,OH,CVG,AVL,275,Y
5,10,3,1031,MQ,SAN,SJC,417,N
1,7,5,1333,NW,EWR,MSP,1008,N
10,15,7,1446,OO,ORD,MKE,67,N
4,5,2,919,EV,CAK,CVG,214,N
2,10,5,606,US,FLL,PHL,992,N
2,17,5,1637,US,JAX,DCA,634,N
7,19,3,701,UA,GSO,ORD,590,N
8,31,3,1905,WN,DAL,LIT,296,Y
5,23,1,2055,OH,DTW,CVG,229,Y
1,27,4,855,US,PIT,PBI,952,N
9,9,6,1115,OH,BUF,CVG,410,N
5,17,2,1702,B6,TPA,JFK,1005,Y
12,24,6,706,F9,DEN,DFW,641,N
11,18,6,1426,NW,MSO,MSP,1013,Y
3,16,4,2027,US,PIT,PHL,267,N
3,22,2,1131,AA,MSY,ORD,837,N
1,27,5,700,MQ,BGR,BOS,201,N
2,15,3,1145,NW,BNA,MEM,200,N
5,20,6,1035,UA,LAX,MCO,2217,N
8,16,2,809,OO,SLC,RNO,422,N
5,12,5,1030,EV,ATL,MLU,448,N
1,28,6,638,WN,OKC,PHX,833,N
8,19,6,1450,XE,IND,CLE,261,N
11,24,4,1427,NW,IND,DTW,231,N
8,15,2,1615,WN,PHL,BDL,196,N
11,2,3,1008,MQ,DFW,JAN,408,N
11,13,1,746,FL,JAX,ATL,270,Y
11,9,3,1807,AA,DFW,ELP,551,N
7,27,4,1435,EV,OKC,SLC,866,N
1,9,7,1119,OO,IDA,SLC,188,N
12,14,3,659,AA,LAX,FLL,2342,N
1,17,2,1246,US,SNA,PHX,338,N
1,25,2,626,MQ,OKC,ORD,693,N
2,8,3,547,OO,CEC,ACV,56,N
2,8,3,1052,US,ATL,PHX,1587,N
4,15,6,1342,DL,PHX,ATL,1587,N
2,27,7,745,FL,DEN,ATL,1199,N
10,2,1,1640,DL,DEN,ATL,1199,N
9,10,7,704,FL,ICT,ATL,781,N
1,29,7,1432,XE,IAH,ELP,667,N
4,22,5,1438,DL,ATL,HOU,696,N
3,16,4,1135,NW,MCO,MSP,1310,Y
8,15,1,855,OH,LGA,CLT,544,Y
2,1,2,930,DL,EWR,CVG,569,N
8,7,1,1431,CO,MYR,EWR,550,N
1,24,2,604,DL,DCA,ATL,547,N
5,9,1,715,WN,CLE,STL,487,N
2,17,4,538,DL,MDW,ATL,590,N
6,6,2,1748,OO,PHX,LAX,370,N
12,30,6,1704,US,JAX,CLT,329,N
3,22,2,1112,MQ,ORD,RIC,642,N
9,29,4,1220,EV,ATL,CAK,528,N
3,18,5,1803,US,PIT,SAN,2106,N
4,9,7,706,UA,OAK,IAD,2408,N
7,29,6,1820,YV,PHX,OMA,1037,N
5,8,1,1002,YV,DEN,COS,72,N
5,19,5,1855,AS,SEA,PHX,1107,N
3,19,6,2017,OO,DEN,FAT,844,N
1,6,5,601,AS,SEA,LAX,954,N
5,7,7,1356,UA,BOI,DEN,649,Y
5,11,3,1344,F9,DEN,MCI,533,Y
4,28,4,1825,XE,ALB,CLE,424,N
4,27,4,1512,XE,LIT,IAH,374,N
5,16,2,849,XE,CLE,DAY,162,N
9,13,3,1959,CO,MIA,EWR,1086,N
7,26,2,904,OO,STL,DEN,770,N
11,25,5,1257,XE,IAH,LEX,828,N
6,5,7,1329,DL,LGA,DCA,214,N
7,27,4,1156,AQ,LIH,HNL,102,N
4,22,6,556,DL,MCO,ATL,403,N
8,5,6,1609,OO,PHX,LAX,370,N
4,30,7,1726,F9,DEN,LAX,862,Y
12,12,1,1059,AA,DFW,JFK,1391,N
10,5,3,634,F9,RNO,DEN,804,N
3,20,1,630,YV,SBP,PHX,509,N
6,14,2,1846,EV,AEX,ATL,500,N
8,14,7,2213,DL,BOS,ATL,946,Y
2,23,4,1507,DL,ATL,LAX,1946,Y
7,28,4,1650,UA,SFO,LAX,337,N
12,27,2,1909,EV,GNV,ATL,300,N
10,31,1,1420,WN,ONT,OAK,361,N
8,11,5,1128,DL,STL,CVG,307,N
1,25,2,1540,XE,DSM,IAH,802,N
7,7,4,2108,OH,RDU,MCO,534,Y
3,14,2,1308,YV,DRO,DEN,251,N
11,6,7,2059,AA,DFW,SAT,247,N
10,19,4,611,OO,TUS,SFO,751,N
12,23,6,719,NW,IAH,DTW,1076,N
5,5,5,713,DL,CMH,ATL,446,N
3,17,4,1851,UA,SFO,DFW,1464,N
11,2,4,1411,OO,LAX,SAN,109,N
4,11,2,710,WN,MCO,MCI,1072,N
12,18,7,1552,CO,MCO,CLE,895,N
4,9,7,2255,DL,SJC,ATL,2116,N
1,3,1,2338,HP,LAS,ATL,1747,Y
8,2,2,909,NW,DTW,GRB,288,N
8,29,1,1935,WN,CLE,MDW,307,N
6,26,7,1335,NW,MEM,MSP,700,N
7,16,6,1633,AA,ICT,DFW,328,N
2,26,6,2030,AA,MIA,DTW,1145,Y
9,8,5,1705,WN,LAS,SJC,386,Y
2,11,5,2128,DL,SAV,ATL,215,N
6,20,2,903,NW,MSP,DTW,528,N
10,22,6,730,XE,IAH,IND,845,N
11,13,1,1625,CO,PHX,IAH,1009,N
10,9,1,1544,US,LGA,PIT,335,N
10,16,7,1909,WN,OAK,PHX,646,Y
1,31,2,848,EV,OKC,SLC,866,N
8,30,3,1829,WN,HOU,CRP,187,N
11,18,6,1035,EV,ATL,MKE,669,Y
9,24,6,947,MQ,BOS,DCA,399,N
7,30,6,1228,DL,DCA,LGA,214,N
7,25,1,1843,AA,DFW,SAT,247,Y
6,5,1,1908,XE,EWR,RIC,278,N
4,5,3,830,DL,CVG,SEA,1964,N
2,27,1,1846,YV,IAD,BOS,413,N
5,10,2,1939,B6,IAD,SAN,2253,N
4,15,6,1131,EV,ATL,FNT,644,N
9,21,4,1948,MQ,SJC,SAN,417,N
3,8,3,1755,WN,TUL,DAL,237,N
4,21,5,1209,UA,SFO,SEA,679,Y
7,14,5,1047,AA,ORD,BOS,867,N
11,16,3,1237,FL,ATL,JAX,270,N
12,3,6,1230,DH,LGA,IAD,229,N
6,1,3,1305,FL,BOS,CAK,549,N
9,4,1,1048,WN,SAN,PHX,304,N
4,19,2,851,AA,STL,SFO,1736,N
5,29,1,1044,MQ,DFW,ICT,328,N
1,12,3,1405,WN,SJC,LAS,386,N
12,23,5,1608,CO,TPA,EWR,998,N
6,30,5,556,OO,BTM,SLC,357,N
11,7,1,1546,CO,IAH,DEN,861,N
9,17,6,1442,MQ,DFW,LIT,304,N
3,20,7,1238,DL,CVG,MCI,539,N
7,18,1,843,UA,LAX,OGG,2486,N
7,18,1,715,WN,BWI,RDU,255,N
9,1,5,1505,XE,IAH,LBB,458,Y
10,25,2,1320,XE,BRO,IAH,308,N
12,27,3,639,AA,LGA,DFW,1389,N
8,27,7,1006,AA,RDU,ORD,647,N
12,23,5,710,MQ,AUS,RDU,1162,Y
7,27,4,645,CO,MSP,IAH,1034,N
2,21,2,1352,DL,SAT,ATL,874,Y
6,5,7,1158,US,MCO,PIT,834,N
8,11,5,1433,UA,IAD,DEN,1452,N
8,27,6,827,DL,ATL,GSP,153,N
11,14,2,1409,NW,MSP,MCO,1310,Y
12,6,3,914,WN,BWI,BUF,281,N
3,21,2,1459,XE,EWR,ORF,284,N
3,30,3,924,UA,ORD,BOS,867,N
12,3,6,1248,OO,SFO,RNO,192,N
2,9,4,1536,AA,SJU,FLL,1046,N
1,12,4,1622,DL,RSW,BOS,1249,N
3,22,3,1244,AA,LAX,EWR,2454,N
2,4,6,811,AA,LAX,DFW,1235,N
8,16,2,1525,OH,BGR,CVG,906,Y
4,5,3,1524,UA,SEA,SFO,679,N
3,8,2,1330,WN,MCI,MDW,405,N
6,16,4,1658,NW,DTW,PIT,201,N
9,25,7,1630,WN,TUL,HOU,453,N
10,25,2,1429,DL,ATL,TLH,223,N
12,15,5,1438,CO,JFK,IAH,1417,Y
2,7,1,1058,US,CLT,DCA,331,N
11,11,5,1754,CO,DTW,IAH,1076,N
10,17,1,1341,CO,EWR,ORD,719,N
10,21,5,1617,AA,LGA,MIA,1097,N
8,18,4,558,NW,DFW,DTW,987,N
2,8,3,1234,AA,XNA,DFW,281,N
8,17,4,951,WN,PHX,SAN,304,N
3,11,5,1052,DL,MDW,ATL,590,N
12,26,1,1055,DL,EWR,CVG,569,N
7,11,2,1532,MQ,ORD,OMA,416,Y
5,15,7,830,WN,HOU,SAT,192,N
7,2,7,1505,US,PHX,PIT,1813,N
8,9,2,1500,US,DCA,PVD,357,N
9,25,7,1855,MQ,LAX,SAN,109,N
9,23,5,1027,NW,MSP,ORD,334,N
1,15,7,1050,HA,LIH,HNL,102,N
4,25,1,1043,OO,PDX,SEA,129,N
8,1,1,950,OH,CVG,BOS,752,N
9,30,6,1751,WN,LAS,DEN,629,N
7,6,4,1012,YV,DRO,DEN,251,Y
3,14,2,844,XE,CLE,CMH,112,N
2,20,7,1212,WN,PHX,ELP,347,N
5,24,3,1045,OH,CVG,GRR,268,N
10,24,1,1034,AA,MCI,DFW,460,Y
2,12,6,1055,XE,IAH,DFW,224,N
6,30,5,1543,NW,MSP,BNA,695,Y
3,31,4,1603,NW,SEA,MSP,1399,N
11,22,3,2117,CO,LGA,IAH,1416,Y
7,11,1,853,DL,MKE,ATL,669,Y
5,29,7,735,OO,CPR,SLC,320,N
10,2,1,751,WN,SAN,SMF,480,N
4,26,2,1530,WN,BWI,ISP,220,N
9,20,2,1634,XE,EWR,XNA,1130,Y
11,23,3,1520,DH,IAD,CRW,227,N
9,28,4,819,DL,SLC,LAS,368,N
12,12,1,1705,XE,SDF,EWR,642,N
5,24,3,1224,NW,SEA,MEM,1870,N
7,13,4,855,NW,JAC,MSP,872,N
11,28,1,615,WN,ONT,SJC,333,N
11,16,3,1241,B6,LGB,JFK,2465,N
6,20,1,1055,AA,DFW,ONT,1189,N
7,5,2,1434,AA,BOS,SFO,2704,N
10,14,6,1620,CO,IAH,JFK,1417,N
12,11,1,1520,OO,ORD,MEM,491,Y
6,1,4,1620,EV,XNA,ATL,589,Y
9,26,1,2050,AA,MCO,LGA,950,Y
12,18,7,1328,AA,ORD,BOS,867,N
8,1,2,2003,WN,LAS,AUS,1090,N
2,2,4,1610,EV,AVL,ATL,164,N
7,14,5,1125,MQ,SAN,LAX,109,N
7,21,4,1454,OO,LAX,OAK,337,N
8,6,6,1647,AA,DFW,SAN,1171,N
12,20,3,1427,OH,LGA,RDU,431,Y
11,3,5,2300,AS,SEA,GEG,224,N
6,19,1,1445,UA,IAD,LAX,2288,N
4,8,5,2014,UA,SFO,LAS,414,N
8,27,7,1030,MQ,MEM,ORD,491,N
5,28,6,1930,WN,MCO,MDW,989,N
4,20,3,1520,CO,DFW,IAH,224,N
10,22,7,1805,WN,LAX,ELP,714,N
2,19,6,1449,DL,ATL,DAY,432,N
2,6,7,1711,UA,PDX,SFO,550,N
12,17,7,1335,UA,LAS,IAD,2066,Y
6,30,5,1301,AA,SFO,ORD,1846,N
1,2,1,757,NW,GRB,DTW,288,Y
3,27,1,1153,US,LGA,BOS,185,N
7,7,4,727,DL,MCO,BOS,1121,N
7,9,7,550,FL,PHF,ATL,508,N
12,18,7,730,OH,CHS,CVG,497,N
7,8,6,715,AS,PDX,SAN,933,N
8,24,3,619,UA,SAN,DEN,853,N
7,13,3,701,US,DTW,CLT,500,N
9,19,2,2228,UA,LAX,BOS,2611,N
6,2,4,1300,DH,IAD,HPN,247,N
7,1,6,604,TZ,LGA,MDW,725,N
8,17,4,1240,WN,LAS,RNO,345,N
12,4,1,1504,OH,CVG,TUL,646,Y
8,10,4,918,EV,GPT,ATL,352,Y
3,28,1,1100,WN,PHX,LAS,256,Y
4,19,2,1953,NW,MEM,VPS,369,N
9,6,2,1103,NW,MSP,MIA,1501,Y
3,8,2,1905,MQ,ORD,CMI,135,N
5,14,7,1233,MQ,BGR,BOS,201,Y
4,23,6,1307,XE,MCI,IAH,643,N
11,5,7,1653,AQ,OGG,HNL,100,N
12,17,6,1633,AS,LAS,SEA,866,Y
4,5,2,2256,AA,DFW,OKC,175,Y
12,15,4,1037,AA,SAT,DFW,247,N
1,3,2,626,YV,CLT,IAD,321,N
12,5,2,922,AA,EWR,DFW,1372,N
9,24,6,1550,WN,STL,OMA,342,N
6,5,1,707,US,SYR,PHL,228,N
2,1,2,1822,XE,IAD,CLE,288,N
11,27,7,1811,DL,TPA,JFK,1005,N
4,25,1,2033,XE,CLE,GRR,214,N
8,1,1,1301,WN,SMF,SEA,605,N
3,3,4,813,DL,JAN,ATL,341,N
8,3,3,1329,US,PHL,IND,587,N
1,7,5,1333,CO,IAH,MIA,964,N
7,23,6,1438,OO,PSP,LAX,110,N
3,18,6,1655,XE,EWR,CVG,569,Y
4,4,1,755,OO,ORD,LNK,466,N
2,2,4,1341,MQ,ORD,HPN,738,N
2,23,4,1306,AA,MCO,SJU,1189,N
7,2,7,1722,WN,TPA,PHX,1788,Y
1,30,7,1121,UA,DEN,IAD,1452,N
10,2,1,1828,WN,SJC,LAX,308,N
3,10,4,606,DL,DEN,SLC,391,N
1,25,2,1740,HP,LAS,DEN,629,N
9,21,4,1221,XE,EWR,IND,644,N
9,21,3,2041,UA,ORD,DCA,612,N
2,7,2,1422,EV,ATL,EYW,646,N
4,13,3,1000,NW,MEM,IAH,469,Y
6,21,3,559,WN,OAK,LAX,337,N
2,28,2,1808,FL,ATL,PIT,526,Y
7,6,3,1219,HP,PHX,ELP,347,N
9,21,4,1356,WN,SAN,PHX,304,Y
11,19,7,1121,WN,SJC,SEA,697,Y
4,20,4,1845,MQ,DTW,ORD,235,N
10,5,3,1054,WN,LAX,ABQ,677,N
12,20,2,1525,WN,PVD,TPA,1137,N
6,21,3,1011,UA,SFO,IAD,2419,N
9,9,5,1427,EV,ATL,ICT,781,N
1,19,4,702,WN,MHT,BWI,377,N
1,5,4,1122,UA,PHX,LAX,370,N
5,30,2,1534,EV,ATL,TUL,674,N
8,20,7,2147,OO,MRY,SFO,77,Y
8,11,4,1801,AA,IAH,ORD,925,Y
8,24,4,1515,MQ,EWR,BOS,200,N
10,21,6,2148,US,CLT,BDL,644,N
4,26,3,1737,AA,SNA,DFW,1205,N
8,19,5,825,WN,DAL,MAF,319,N
9,13,3,1834,AS,ANC,BET,399,N
12,6,3,1833,DL,BNA,ATL,214,N
1,12,4,1550,EV,ATL,HSV,151,N
11,29,2,1559,OO,SLC,PHX,507,N
11,9,4,1317,OO,CLD,LAX,86,Y
2,25,6,1530,OH,BWI,BOS,370,Y
4,2,6,1834,AS,RNO,SEA,564,N
7,22,5,630,OO,FAT,SFO,158,N
3,14,2,900,NW,ORF,DTW,529,N
7,22,6,621,EV,MSN,ATL,707,N
1,12,3,1023,AS,SEA,BOI,399,N
2,2,4,1644,DL,ATL,IAD,533,N
5,12,5,1937,UA,PHL,ORD,678,Y
6,17,6,1645,AA,BDL,ORD,783,N
1,24,1,1815,WN,MCI,LAS,1140,N
7,13,4,2152,UA,IAD,OAK,2408,N
10,28,5,730,WN,PDX,BOI,344,N
6,15,3,1330,OH,CVG,ORF,485,N
1,4,3,1711,AA,ORD,STL,258,Y
8,23,3,635,XE,RDU,CLE,416,N
5,7,7,2134,AA,DFW,ATL,732,Y
3,3,4,1312,CO,FLL,CLE,1062,N
7,31,7,956,F9,PHX,DEN,602,N
2,28,2,1031,F9,DEN,IAH,861,N
7,16,6,632,AA,CLT,MIA,650,N
8,10,4,644,NW,GRR,DTW,120,N
1,4,3,2155,US,PHX,DEN,602,N
2,22,2,1409,OO,MRY,SFO,77,N
7,29,5,812,AA,LAX,ORD,1745,N
8,18,4,943,AA,DFW,SAT,247,N
5,8,1,602,EV,CAE,CVG,404,N
9,8,4,1950,WN,LAS,LAX,236,N
6,4,7,738,WN,LAX,TUS,451,N
1,7,5,1712,UA,SFO,IAD,2419,Y
3,26,6,917,NW,DCA,DTW,405,N
11,26,6,2152,UA,ORD,LAX,1745,N
9,28,3,703,B6,JFK,PBI,1028,N
11,18,6,1602,WN,LAS,SLC,368,N
10,12,4,1619,US,PHX,SLC,507,N
3,9,3,1643,UA,IAD,DEN,1452,N
8,29,1,750,WN,OAK,SEA,671,N
4,20,3,1750,OH,JFK,JAX,829,N
7,5,2,1055,OO,LAX,PSP,110,N
9,26,1,1910,WN,PVD,BWI,328,Y
9,4,1,2025,WN,SAN,PHX,304,N
12,13,2,1737,XE,BNA,CLE,448,N
3,29,2,2155,HP,DFW,LAS,1055,Y
2,15,3,1425,US,PHX,SMF,647,Y
9,6,2,1705,WN,ISP,FLL,1093,N
2,3,5,1727,DL,ATL,DCA,547,N
7,4,1,1915,WN,RNO,LAS,345,Y
10,11,2,700,OH,EVV,CVG,170,N
2,15,2,1318,MQ,DFW,MEM,432,N
12,4,1,1911,AA,DTW,DFW,987,N
10,28,5,2135,TZ,MDW,MSP,349,N
8,27,6,1614,AA,ORD,SEA,1721,N
3,13,1,1915,WN,MHT,PHL,290,Y
3,4,5,2059,NW,MSP,LAN,455,N
7,25,1,1813,UA,ORD,DCA,612,Y
2,3,4,2217,UA,LAX,EWR,2454,N
12,23,5,1908,UA,IAD,LAX,2288,N
11,15,2,1125,UA,DEN,LAS,629,N
5,15,1,605,YV,SAT,PHX,843,N
8,7,7,2036,UA,DEN,SMF,910,N
3,19,7,1530,WN,PDX,PHX,1009,Y
9,10,7,652,US,RDU,PHL,336,N
7,4,1,755,CO,SEA,EWR,2401,N
11,11,5,855,WN,SEA,RNO,564,N
5,2,1,950,DL,ATL,VPS,264,N
1,5,4,908,AA,MCI,ORD,403,N
4,10,1,1445,AA,HNL,LAX,2556,N
2,19,6,2155,OH,CVG,CLT,335,N
8,13,7,1726,AS,SJC,SEA,697,Y
10,28,5,1755,MQ,DFW,SHV,190,N
11,28,1,710,WN,BUR,PHX,369,N
10,9,7,455,OO,PSC,SEA,172,N
4,9,6,1709,HP,CMH,PHX,1671,N
3,29,2,1502,UA,DEN,PHX,602,N
1,28,5,1510,WN,MDW,STL,251,N
5,17,2,1308,OO,SLC,TUS,601,N
4,29,5,1750,OO,SBP,SFO,191,N
5,9,1,2043,HP,LAS,SFO,414,Y
6,16,4,1910,CO,IAH,LAS,1222,N
8,6,7,1831,XE,IAH,ABQ,744,Y
10,9,1,828,OO,LAX,SJC,308,N
6,27,2,1710,WN,AUS,DAL,189,N
2,26,7,1837,AA,LAX,DFW,1235,N
7,31,1,1025,YV,ONT,LAS,197,N
4,9,7,1938,WN,LAX,LAS,236,Y
11,17,5,1142,WN,CLE,BNA,448,N
1,2,1,2204,US,DTW,LAS,1750,Y
9,5,1,1319,CO,BOS,IAH,1597,N
6,24,5,1124,NW,MSP,MCI,393,Y
10,4,3,1815,XE,MDW,CLE,307,Y
5,14,7,910,OH,BNA,CVG,230,N
10,1,6,622,XE,MHT,CLE,544,N
5,15,7,1245,AA,DFW,JFK,1391,N
10,12,4,1957,WN,BWI,SAN,2295,Y
7,21,5,1420,WN,DTW,MDW,229,N
3,27,7,533,FL,FLL,ATL,581,N
5,29,7,1655,WN,HOU,MSY,303,N
7,25,1,1117,DL,SLC,SJC,585,N
7,24,1,1152,AQ,HNL,LIH,102,N
8,22,2,1524,NW,TPA,DTW,983,N
11,27,1,638,FL,DFW,MDW,797,N
11,8,3,36,AA,LAX,DFW,1235,N
3,1,2,635,NW,DTW,TPA,983,N
12,10,6,1122,HP,PHX,SEA,1107,N
4,11,1,717,UA,LAX,JFK,2475,N
9,1,4,1031,AA,LGA,MIA,1097,N
8,27,7,931,AA,DEN,DFW,641,N
6,1,4,1400,OH,CVG,IAH,871,N
12,30,6,2123,WN,PHX,SMF,647,N
11,3,4,1324,AA,SLC,ORD,1249,N
8,21,7,716,US,MSY,CLT,651,N
1,19,4,1417,WN,MCO,BWI,787,N
5,31,2,1350,US,TPA,DCA,814,N
3,13,1,1557,EV,ATL,MKE,669,Y
5,13,6,1954,MQ,DFW,JAN,408,Y
9,8,5,2208,NW,MSP,FAR,223,N
10,31,2,928,AQ,OGG,LIH,202,N
4,19,2,1300,DL,SNA,SLC,588,N
7,5,2,1102,AA,ORD,STL,258,Y
8,10,3,1600,AA,LGA,MIA,1097,N
2,21,2,937,YV,ORD,ABE,654,Y
6,6,2,930,EV,ATL,EVV,350,N
9,15,4,2034,US,LGA,BUF,292,N
1,23,7,1639,OO,DEN,COS,72,N
7,17,1,845,CO,IAH,LGA,1416,N
10,21,6,1815,MQ,BOS,JFK,187,N
1,18,3,851,NW,MEM,LAX,1619,Y
7,18,1,955,WN,BWI,SAN,2295,N
8,17,4,1507,OO,SLC,RNO,422,N
4,6,3,1144,HP,LAS,SAN,258,N
1,11,3,827,WN,HOU,SAT,192,N
2,23,4,1020,NW,MSP,BWI,936,N
3,28,2,1125,OO,SLC,EUG,619,N
12,16,6,715,NW,MHT,DTW,609,Y
8,3,4,1721,MQ,SNA,SJC,342,N
7,31,7,559,UA,IAD,ORD,589,N
6,23,4,1752,MQ,DFW,ICT,328,N
2,5,6,1040,MQ,BWI,BOS,370,N
6,11,7,951,DL,SLC,MCO,1929,N
11,20,7,2150,MQ,ORD,CLE,316,N
2,1,2,820,WN,HOU,TUL,453,N
10,25,3,2034,WN,DAL,HOU,239,Y
5,9,2,527,AQ,HNL,KOA,163,N
10,16,7,1928,OH,CVG,GSP,317,Y
8,28,1,711,WN,HOU,LAS,1235,N
6,5,1,1720,EV,MEI,ATL,267,N
1,1,7,1020,WN,MHT,MDW,838,Y
10,12,4,1959,WN,MDW,MCI,405,N
6,1,4,1220,OO,ELP,DEN,563,N
2,14,1,1704,US,RIC,PHL,198,N
6,5,1,2318,UA,SEA,IAD,2306,N
6,14,3,1719,EV,SLC,MKE,1246,N
3,16,3,1635,WN,MDW,SDF,271,N
8,20,6,700,WN,BWI,MHT,377,N
2,1,3,1549,UA,ORD,TPA,1012,N
12,13,2,1257,XE,PHL,CLE,363,N
7,31,1,1927,WN,DAL,HOU,239,N
12,4,1,1734,NW,CMH,DTW,155,Y
7,31,1,1550,OH,LEX,CVG,70,Y
3,9,4,1512,EV,ATL,GRR,640,N
10,21,5,1120,WN,SJC,RNO,188,N
8,12,6,1120,WN,SAN,LAS,258,N
8,8,1,930,WN,FLL,PHL,992,N
4,14,4,1528,DH,IAD,GSP,383,N
7,19,2,1733,UA,AUS,DEN,775,N
5,14,7,1635,WN,PDX,SMF,479,N
3,21,1,1654,WN,AUS,PHX,872,Y
11,6,7,950,AA,LAS,SJC,386,N
11,27,7,1248,UA,LAX,PHX,370,N
10,19,3,1610,NW,SGF,MEM,243,N
6,25,7,728,US,PIT,FLL,994,N
6,26,1,1020,WN,SMF,BUR,358,N
12,10,7,1726,OH,DSM,CVG,505,N
2,26,6,804,MQ,DFW,DSM,624,N
6,4,6,1600,OO,SLC,ABQ,493,N
11,6,1,1355,WN,PVD,PHX,2277,N
3,8,2,1916,US,MCO,PHL,861,Y
12,2,6,910,OH,BUF,CVG,410,Y
12,30,6,1433,NW,IND,FLL,1005,N
8,25,4,1252,AA,DFW,MCI,460,N
9,27,3,958,DL,SLC,BWI,1864,N
5,29,1,1007,AS,LAS,SEA,866,N
12,22,4,2214,OO,LAX,SFO,337,N
12,14,4,1930,EV,ATL,FLO,273,N
7,12,3,1029,UA,LAX,IAD,2288,N
5,26,4,1545,EV,ATL,ISO,406,N
7,13,4,1336,XE,MAF,IAH,429,N
1,5,4,2147,UA,IAD,MCO,758,N
2,8,3,941,DL,ATL,GSO,306,N
12,25,1,1714,AA,EWR,LAX,2454,N
10,20,5,626,OH,BHM,LGA,866,N
5,10,2,1115,OH,IND,CVG,98,N
12,21,3,1240,OH,CVG,BNA,230,N
8,24,4,559,CO,SAT,IAH,191,N
5,21,7,1550,OH,BOS,ORF,468,N
5,26,5,1556,US,BOS,CLT,728,Y
10,21,6,1138,AA,DFW,MFE,468,N
9,24,6,926,DL,PDX,SLC,630,N
2,22,2,1303,MQ,JAN,DFW,408,N
4,25,2,1420,EV,OKC,SLC,866,N
2,7,1,1535,WN,LBB,DAL,293,N
9,8,4,1027,AA,EWR,ORD,719,N
10,4,3,1951,NW,DTW,MCI,629,Y
7,14,5,1533,NW,DTW,SAT,1215,N
9,28,4,1118,WN,RSW,BWI,919,N
8,17,3,59,NW,ANC,MSP,2518,N
4,23,7,949,US,CLT,MIA,650,N
1,8,6,1254,DL,LGA,ATL,761,N
10,28,5,631,MQ,MOB,DFW,540,N
8,15,2,1732,WN,TUL,DAL,237,N
7,11,2,1557,UA,DEN,MCI,533,N
9,4,1,1941,CO,MCO,EWR,938,N
2,20,7,2200,WN,SMF,LAX,373,N
2,11,6,845,WN,LAX,BWI,2329,N
8,11,4,1602,DL,ATL,CLE,554,N
5,31,2,856,CO,CLE,MCO,895,N
5,26,4,1309,XE,PBI,CLE,1020,N
8,14,7,1440,XE,MEM,EWR,946,Y
12,22,5,1611,NW,IND,MSP,503,Y
3,3,4,1332,OO,GEG,SEA,224,N
4,24,7,636,NW,EWR,MEM,946,N
3,4,5,2258,US,CLT,MCO,468,N
6,7,2,1606,US,CLT,PHL,448,N
9,17,7,2027,CO,IAH,ORD,925,Y
4,25,1,650,XE,LFT,IAH,201,N
1,4,2,2235,UA,LAX,MCO,2217,N
1,20,4,1359,DH,IAD,JFK,228,N
6,28,3,1458,WN,BNA,BWI,588,N
1,2,1,1314,AA,ORD,FLL,1182,Y
9,14,3,1730,OH,CVG,CAK,214,N
8,16,3,645,UA,LAS,DEN,629,N
3,19,6,2010,OH,JFK,GSO,459,N
11,9,3,555,EV,MYR,ATL,317,N
10,27,4,1821,NW,OMA,MSP,282,N
12,29,5,1340,MQ,MTJ,DFW,722,Y
11,8,2,900,WN,LAX,PHX,370,N
1,5,3,1531,CO,EWR,ATL,745,N
10,24,2,1820,OH,JFK,RDU,426,Y
2,25,6,1259,AA,DFW,MIA,1121,N
12,15,5,2105,AA,DFW,MCO,984,N
11,11,5,1539,XE,IAH,MSP,1034,N
12,18,1,1537,XE,EWR,XNA,1130,N
11,12,7,1435,US,SJU,IAD,1571,N
11,2,4,954,AA,LGA,ORD,733,N
2,20,1,1143,OO,SFO,RDD,199,N
11,22,3,1404,NW,MSP,SAT,1097,N
4,17,7,630,AA,BNA,DFW,631,N
8,3,4,925,AA,DTW,DFW,987,Y
3,21,2,1544,CO,MCO,CLE,895,N
8,4,4,1200,MQ,DSM,ORD,299,Y
11,29,2,716,AA,ATL,DFW,732,N
2,11,6,815,OH,CVG,BHM,396,N
3,15,3,1754,XE,MCI,IAH,643,N
2,3,4,1738,EV,TPA,GSP,478,Y
3,11,5,1857,US,RSW,DCA,892,Y
6,22,3,2132,NW,MSP,ANC,2518,N
6,20,2,1526,NW,MSP,MDW,349,N
5,10,2,742,HP,MSY,PHX,1301,N
12,14,4,1803,WN,LAX,RNO,390,N
4,13,3,608,OO,FAT,DEN,844,N
10,14,5,1921,XE,CLE,BDL,475,Y
11,21,2,1446,WN,SJC,SAN,417,N
9,28,4,2057,AA,MIA,PHL,1013,N
5,3,3,916,NW,DTW,MYR,636,N
11,12,7,1409,WN,MDW,BUF,468,N
3,14,2,2050,MQ,ORD,BMI,116,N
8,14,1,1903,CO,IAH,BOS,1597,N
12,12,1,1225,CO,PHL,IAH,1324,N
6,16,4,1824,AA,ORD,LGA,733,Y
9,24,7,1349,WN,PHL,RDU,336,N
1,13,4,1610,WN,BWI,CMH,336,N
8,27,7,1335,EV,ISO,ATL,406,Y
8,1,2,559,DL,LAX,ATL,1946,N
5,30,1,1535,XE,CLE,RDU,416,N
9,10,6,1728,DL,JFK,FLL,1069,N
1,31,1,2005,EV,MGM,ATL,147,Y
12,7,3,831,NW,STL,DTW,440,N
3,16,3,635,DH,SDF,IAD,451,N
11,10,4,1735,HP,DEN,LAS,629,Y
8,12,5,1844,OO,DSM,ORD,299,N
1,30,1,659,OO,PDX,SEA,129,N
12,14,3,1112,DL,SLC,LAX,590,N
3,16,3,925,MQ,DFW,MSP,852,Y
11,21,2,1320,UA,DEN,LGA,1619,Y
1,2,1,857,OH,STL,CVG,307,N
6,11,7,1747,AA,DFW,BNA,631,Y
9,10,6,1627,AA,MCO,SJU,1189,N
7,23,7,1507,XE,OKC,IAH,395,N
5,2,2,1440,OH,CVG,FSD,701,N
8,12,6,813,WN,LAS,SAN,258,N
1,14,5,1208,MQ,GRK,DFW,134,Y
11,30,3,728,MQ,LGA,DTW,501,N
3,21,1,2019,EV,AVP,ATL,714,N
4,25,1,1148,XE,MEM,CLE,622,N
1,24,2,1920,YV,DEN,GJT,212,Y
5,3,2,951,TZ,MDW,RSW,1105,N
11,4,5,816,HP,PDX,PHX,1009,N
3,20,7,710,WN,MDW,TPA,997,N
10,18,2,600,AS,SEA,ANC,1449,N
3,16,3,849,XE,CLE,CMH,112,N
10,22,7,2338,DL,ATL,TPA,406,Y
2,12,6,935,HP,SJC,LAS,386,N
10,4,2,1600,OH,BNA,CVG,230,N
8,8,2,1402,UA,LAX,ORD,1745,N
10,10,1,1850,WN,LAS,STL,1372,N
3,26,6,555,AA,AUS,DFW,190,N
4,18,1,623,CO,EWR,BOS,200,N
6,6,2,850,NW,SEA,HNL,2677,N
7,24,7,2048,FL,ATL,ROC,749,Y
12,18,1,1345,AA,LGA,DFW,1389,N
9,11,1,1334,CO,ABQ,IAH,744,N
11,5,6,1627,US,PHL,CLT,448,N
12,28,4,2104,XE,EWR,ROC,246,N
11,18,5,905,WN,BHM,TPA,460,N
11,1,3,1439,NW,GRB,MSP,252,N
8,16,3,1250,YV,CLT,BWI,361,N
6,9,4,1644,DH,IAD,CHS,441,N
12,9,5,1746,AS,LAS,SEA,866,Y
9,3,7,1015,OH,SAT,ATL,874,N
6,4,6,801,OO,SBA,DEN,916,N
3,4,5,1504,NW,DTW,ORD,235,N
2,9,3,2127,DL,SRQ,ATL,445,Y
5,28,6,1303,AA,IND,ORD,177,N
1,24,2,1439,CO,EWR,CMH,462,N
4,6,4,1814,WN,LAS,BUR,223,Y
8,5,5,1734,DH,BTV,IAD,442,Y
12,26,2,938,UA,DEN,SNA,846,Y
4,3,1,1306,AA,FLL,DFW,1119,N
1,3,2,1028,NW,MSP,ORD,334,Y
3,9,4,809,AA,LGA,MCO,950,N
9,10,7,2239,US,SFO,CLT,2296,N
10,8,7,1117,NW,MSP,PHX,1276,N
12,7,3,545,OH,SAV,LGA,722,N
6,30,5,2012,EV,MDW,ATL,590,Y
1,6,5,705,WN,DEN,LAS,629,N
9,8,5,757,DL,ATL,TPA,406,N
5,14,7,2131,US,CLT,MHT,737,N
1,30,1,1307,NW,LAS,MKE,1524,N
11,6,1,1845,OH,PHL,CVG,507,N
8,19,6,917,WN,MDW,ISP,765,N
6,24,5,905,WN,AMA,DAL,324,N
10,6,4,751,FL,CAK,LGA,396,N
10,13,4,1045,F9,DEN,MCO,1545,N
11,6,7,816,UA,TUS,PHX,110,N
4,10,1,1930,WN,DAL,HOU,239,N
1,11,3,2006,OH,JFK,CLT,541,Y
1,10,2,1621,NW,MSP,GRR,408,N
4,8,5,1159,NW,MSN,MSP,228,N
3,29,2,1446,MQ,JFK,BOS,187,Y
3,13,7,2112,AA,DFW,FLL,1119,Y
11,22,2,1241,AA,PHL,ORD,678,Y
10,18,2,1500,WN,HOU,AUS,148,N
7,19,3,1105,XE,OKC,IAH,395,N
3,7,1,920,UA,IAD,FLL,901,Y
11,26,6,1735,WN,MDW,ALB,717,N
1,8,7,2246,DL,ATL,PHL,665,N
1,22,7,1511,B6,EWR,TPA,998,N
7,15,6,1557,DL,ABQ,ATL,1269,N
3,14,1,915,OH,CVG,LAN,258,N
5,4,3,2207,EV,ATL,GSP,153,N
8,3,3,1330,MQ,ORD,HPN,738,N
1,4,3,2141,EV,ATL,FAY,331,N
6,5,7,1220,WN,BWI,PVD,328,N
2,20,7,1052,EV,MYR,ATL,317,N
3,10,5,1144,DL,ATL,LAX,1946,N
8,10,4,2333,AA,LAS,ORD,1515,N
9,18,7,1753,US,PIT,SFO,2254,N
9,1,4,2000,EV,STL,ATL,483,N
8,15,1,2150,US,CLT,ILM,185,Y
11,5,7,746,US,PHL,SJU,1576,N
8,1,2,1800,WN,LAS,LAX,236,Y
1,30,1,745,UA,SFO,DEN,967,N
12,24,6,1420,CO,PBI,EWR,1024,N
12,29,5,2108,YV,FLG,PHX,119,Y
12,20,3,1238,US,SJC,PHX,621,N
4,27,4,1255,OH,DCA,BOS,399,N
1,2,7,1033,FL,FLL,ATL,581,N
11,7,1,1135,WN,HOU,MAF,441,N
9,1,5,654,MQ,CLE,DFW,1021,N
9,28,4,1030,OH,DCA,JFK,213,N
3,23,4,1005,WN,JAX,BHM,365,N
5,12,5,1706,DL,MCO,SLC,1929,N
3,22,2,2029,MQ,LGA,BUF,292,N
7,6,3,659,CO,BTR,IAH,253,N
2,27,1,2302,DL,ATL,PHL,665,Y
7,12,3,616,OO,COS,SFO,963,N
3,4,6,1904,YV,CLE,IAD,288,N
6,18,7,1252,AA,FLL,LGA,1076,N
10,13,4,2229,CO,PHX,EWR,2133,N
4,24,1,1850,MQ,DFW,CAE,922,N
1,27,5,1212,OO,DEN,MTJ,197,N
9,24,6,1130,EV,ATL,LWB,369,N
10,12,4,1835,US,PHL,BOS,280,N
12,27,2,600,DL,CLT,ATL,227,N
4,14,5,1836,AA,HNL,DFW,3784,N
8,12,6,1059,US,DEN,PHL,1557,N
4,26,2,1554,XE,MCI,IAH,643,N
9,28,4,957,B6,FLL,LGA,1076,N
5,12,4,807,DL,EWR,ATL,745,N
3,2,4,1500,DL,FLL,ATL,581,Y
1,29,6,1750,OH,DAB,CVG,711,Y
6,11,6,1133,US,RDU,PHL,336,N
6,11,7,1804,FL,ATL,IAD,533,N
7,24,1,1345,MQ,RDU,DCA,227,Y
9,26,1,723,AA,LAX,DFW,1235,N
2,21,2,2035,EV,ATL,FLO,273,N
4,26,3,618,OO,COS,DEN,72,N
9,10,7,1945,DL,CVG,TPA,773,N
3,16,4,935,OO,LAX,SBA,89,N
2,10,4,1559,OO,IND,ORD,177,N
7,12,2,1540,WN,PHX,PVD,2277,N
6,25,6,2011,UA,DEN,PDX,992,N
12,13,2,605,UA,OAK,ORD,1835,N
5,22,1,1543,DL,ATL,LGA,761,N
8,23,3,1214,CO,CLE,IAH,1091,Y
3,23,3,655,WN,SJC,LAX,308,N
8,9,2,1933,AA,ORD,MIA,1197,N
12,13,3,658,CO,SAN,IAH,1303,N
4,24,1,1802,US,BWI,PHL,90,N
5,12,4,616,AA,LAX,STL,1593,N
1,10,2,1201,US,LAS,RNO,345,N
5,29,1,1648,OH,MCO,ROC,1033,N
1,17,1,1549,OO,LAX,CLD,86,N
2,26,6,1910,UA,ORD,FLL,1182,N
3,16,3,1523,WN,MCO,CMH,802,Y
12,28,4,635,NW,DCA,MSP,931,N
4,25,1,640,AA,SEA,STL,1710,N
7,4,2,1809,US,PHL,IND,587,N
9,28,4,654,NW,GRR,MSP,408,N
8,25,4,1244,WN,MDW,OMA,423,N
6,9,4,836,UA,MDT,ORD,594,Y
3,24,5,1345,MQ,SAN,SJC,417,N
8,31,3,1805,OO,SBA,LAX,89,N
6,30,4,1021,NW,LAX,DTW,1979,N
8,18,5,821,WN,MCI,BWI,967,N
2,11,5,2055,US,TPA,PHL,920,N
5,1,1,1650,XE,BTR,IAH,253,N
4,15,5,1853,OO,LAX,SLC,590,N
6,5,7,1204,AA,DFW,LGA,1389,Y
5,21,6,1217,OO,SLC,LAX,590,N
1,13,4,1430,WN,LAS,LAX,236,N
9,19,2,1501,DL,ATL,MCI,692,N
8,31,4,1405,WN,DAL,HOU,239,N
5,5,5,1726,UA,BUF,ORD,473,Y
1,20,4,1214,US,CLT,BOS,728,N
9,5,1,836,XE,RDU,EWR,416,N
7,22,6,1647,DL,CVG,SLC,1449,N
10,23,7,1023,DL,ATL,BHM,134,N
1,14,6,1810,DL,MIA,ATL,595,N
9,19,2,908,MQ,AMA,DFW,313,N
2,24,5,1138,B6,FLL,BOS,1237,N
4,5,2,1451,AS,LAS,SEA,866,N
1,5,4,2006,XE,EWR,IND,644,Y
6,29,4,1005,EV,ATL,DSM,743,N
7,27,4,1607,CO,EWR,RDU,416,Y
5,19,4,1151,NW,MSP,ANC,2518,N
12,11,1,1907,AA,DCA,DFW,1192,N
7,24,1,1901,UA,DEN,MSY,1062,N
4,19,3,622,HA,HNL,OGG,100,N
10,3,2,1718,WN,FLL,HOU,957,N
12,18,1,633,WN,SEA,LAS,866,N
8,6,6,1233,AA,LAX,DFW,1235,N
9,15,5,1612,YV,ORD,PIT,412,N
5,18,4,1936,XE,IAH,LIT,374,N
11,23,3,750,WN,PHX,SMF,647,N
1,27,4,2110,OH,CMH,CVG,116,N
6,23,4,715,WN,TPA,JAX,180,N
4,23,7,1050,WN,JAX,BNA,484,N
2,27,1,1446,XE,RDU,IAH,1043,N
4,6,4,730,WN,ISP,RSW,1101,N
10,14,6,1708,OH,PHL,CVG,507,N
5,6,6,1448,WN,SAN,SMF,480,Y
9,30,5,549,MQ,ABI,DFW,158,N
10,23,1,1923,OO,SLC,RAP,508,N
12,14,3,827,MQ,BTR,DFW,383,N
5,8,7,1120,WN,PDX,OAK,543,N
7,4,1,2038,AA,DFW,PDX,1616,N
11,12,7,822,WN,SMF,SAN,480,N
8,20,6,1151,DH,LAS,IAD,2066,N
5,25,3,659,US,DCA,ORD,612,N
6,30,4,1456,NW,DTW,PWM,668,Y
2,28,1,1144,NW,BNA,MEM,200,N
7,2,6,1207,US,SJU,BOS,1674,N
12,9,6,1604,NW,BOS,DTW,632,N
4,3,1,605,YV,JFK,IAD,228,N
8,20,7,1545,WN,GEG,SEA,224,Y
1,24,1,2154,FL,BWI,DAY,406,Y
7,29,6,1933,NW,MEM,GPT,324,N
12,10,7,1911,F9,STL,DEN,770,N
6,11,7,1255,AA,DFW,ORF,1213,N
1,16,1,2127,NW,DTW,IND,231,Y
10,4,2,1845,DL,SFO,HNL,2398,Y
6,17,6,1424,EV,ATL,ICT,781,N
9,28,4,1806,YV,PHX,OMA,1037,N
5,10,3,810,WN,BHM,MDW,570,Y
11,14,2,1648,XE,IAH,TYS,772,N
5,15,1,713,US,MYR,CLT,156,N
2,20,7,2159,UA,SEA,ANC,1449,Y
4,24,1,826,US,RSW,CLT,600,N
4,11,1,851,US,BOS,LGA,185,N
10,5,4,1348,AA,DFW,ABQ,569,Y
6,26,7,1421,HP,PHX,PDX,1009,Y
7,27,3,630,WN,BNA,BWI,588,N
5,6,6,958,CO,IAH,SAN,1303,Y
12,20,3,755,UA,IAD,ORD,589,N
1,28,5,920,WN,DAL,AUS,189,N
3,12,7,604,OO,RNO,SFO,192,N
11,30,3,1656,XE,CLE,IND,261,N
8,11,4,2043,DL,DCA,ATL,547,Y
2,9,3,1706,AS,BUR,SEA,937,N
10,25,3,713,CO,EWR,PBI,1024,N
9,29,4,1032,MQ,AMA,DFW,313,N
3,22,3,804,US,BOS,PHL,280,Y
2,4,5,1959,OO,MRY,LAX,267,N
4,1,5,1445,XE,CLT,IAH,913,N
10,25,3,1640,WN,LAS,RNO,345,Y
1,7,5,630,WN,CLE,BWI,314,N
10,22,6,850,OH,CVG,SRQ,812,N
12,26,1,1538,DL,ATL,BHM,134,N
11,7,1,1226,US,CLT,MYR,156,N
9,17,7,929,WN,HOU,MCO,848,N
11,12,7,949,UA,SFO,IAD,2419,N
4,28,4,1759,US,LGA,BOS,185,N
5,1,7,1907,MQ,DFW,CLT,936,N
1,4,2,2052,WN,BHM,MSY,321,N
2,25,5,1839,DL,GSO,ATL,306,N
9,28,4,1755,XE,IAH,HRL,295,N
7,25,1,812,OO,SLC,IDA,188,N
8,21,7,1129,HP,ATL,PHX,1587,N
7,11,1,1738,WN,PDX,PHX,1009,Y
2,21,1,842,OO,SAN,LAX,109,N
4,8,6,1033,XE,BWI,EWR,169,N
12,16,5,1308,CO,IAH,ATL,689,N
9,5,1,1041,DL,MCO,ATL,403,N
7,31,7,1320,WN,PHX,SJC,621,N
3,22,2,1139,UA,DCA,ORD,612,N
7,10,7,1143,AA,DFW,ABQ,569,N
11,18,5,2120,WN,BUR,PHX,369,N
2,22,2,925,WN,BWI,MHT,377,N
6,22,4,2034,US,PHL,CLT,448,N
10,3,2,1851,AA,SFO,LAX,337,N
3,31,4,1405,WN,MCO,SDF,718,N
8,30,2,559,AA,ORD,LGA,733,N
9,13,3,1847,XE,LFT,IAH,201,N
5,23,2,849,NW,DTW,MBS,98,N
7,27,4,1248,OO,SNA,SFO,372,N
11,8,3,1427,WN,PHX,SLC,507,N
11,23,4,1850,UA,BOS,IAD,413,N
3,27,7,1121,DL,SLC,HNL,2994,N
9,17,6,943,AA,SAT,DFW,247,N
10,3,1,1225,HA,ITO,HNL,216,N
5,1,1,1805,WN,ONT,PHX,325,N
9,22,5,1120,OH,CAK,CVG,214,N
5,9,1,2019,HP,LAS,SEA,866,N
2,3,4,724,US,PIT,EWR,319,N
10,4,2,1029,UA,DEN,EWR,1605,N
10,29,7,1403,WN,HOU,LIT,393,N
4,29,5,1501,EV,TRI,ATL,227,N
6,24,6,1923,YV,ORD,AVP,631,N
9,28,4,1725,MQ,VPS,DFW,626,N
4,7,4,1316,US,DTW,DCA,405,N
2,2,3,25,B6,SMF,JFK,2521,N
1,20,4,825,WN,TUS,SAN,367,N
6,21,3,1545,MQ,ORD,EVV,273,N
2,19,6,1049,HA,HNL,LIH,102,N
6,11,6,825,DH,IAD,ALB,325,N
12,14,3,2039,DL,ATL,SNA,1919,N
4,21,4,745,FL,MCI,ATL,692,N
12,25,7,1722,DL,ATL,STL,483,N
11,28,2,752,OH,LGA,CMH,478,N
1,26,3,1705,WN,DAL,LBB,293,N
2,2,4,1236,WN,MSY,MCO,550,Y
11,7,2,1939,DL,ATL,OKC,761,Y
4,16,7,1730,OH,CVG,AZO,225,N
2,22,3,1800,EV,EVV,ATL,350,Y
2,24,5,1940,DL,MSY,ATL,425,N
3,13,7,1609,US,PHX,CLT,1774,N
6,2,5,2149,DL,ATL,DFW,732,Y
4,23,6,1230,WN,BUR,SJC,296,N
11,17,5,1539,OO,DEN,RAP,301,N
8,27,7,2139,XE,IAD,EWR,213,Y
1,4,3,914,MQ,DFW,JAN,408,N
8,6,6,1028,HP,PHX,PDX,1009,Y
10,31,2,800,OO,ACV,CEC,56,N
11,28,2,2011,WN,BHM,TPA,460,N
1,27,4,805,WN,RNO,LAS,345,N
4,25,1,2212,B6,SAN,JFK,2446,N
6,2,5,1043,AA,DFW,JFK,1391,N
5,4,4,2036,XE,CLE,MSP,622,N
5,2,2,955,WN,BHM,BNA,177,N
9,12,2,1132,NW,LGA,MSP,1020,N
2,7,2,1710,AS,ADQ,ANC,252,Y
6,26,7,742,UA,IAD,LAX,2288,Y
2,3,5,1705,OO,FAT,SLC,501,N
4,14,5,1323,XE,IAH,LIT,374,N
8,7,7,553,MQ,FSM,DFW,228,N
6,24,5,839,MQ,DFW,HOU,247,N
7,12,2,1140,OO,DEN,MFR,964,N
11,22,3,1057,UA,BOS,DEN,1754,N
9,5,2,818,OH,ATL,SAT,874,N
5,23,2,823,CO,DCA,IAH,1208,N
11,13,7,830,WN,BUF,BWI,281,N
4,6,4,1847,UA,DEN,FLL,1703,Y
10,6,5,746,XE,MSN,CLE,402,N
4,28,5,2000,EV,ATL,MLU,448,N
9,1,4,559,OH,PIT,CVG,256,N
4,14,4,1547,XE,EWR,MEM,946,N
4,14,4,2035,AA,ORD,PHX,1440,N
4,7,5,1929,NW,MSP,SAT,1097,N
11,7,2,940,YV,ORD,CAK,344,Y
12,23,6,1246,WN,GEG,LAS,806,N
12,15,4,1156,UA,FLL,ORD,1182,Y
10,5,3,1745,WN,PVD,BWI,328,N
10,24,2,1949,OO,DEN,AUS,775,N
10,25,3,614,WN,BOI,SLC,291,N
3,3,4,1336,MQ,ORD,CMI,135,N
6,12,7,805,WN,HOU,MSY,303,N
4,4,2,926,UA,LAS,SFO,414,Y
1,28,5,834,HP,AUS,PHX,872,N
9,5,1,1659,DL,ATL,SAT,874,N
6,11,6,1700,OH,DAB,CVG,711,Y
12,3,7,1111,UA,SFO,DEN,967,N
1,18,2,904,MQ,RDU,JFK,426,N
10,13,5,1026,NW,DTW,LAN,74,N
6,10,5,1850,CO,CLE,MCO,895,N
6,30,5,1204,WN,MCO,STL,880,N
6,5,7,1731,NW,DTW,GSP,508,Y
8,25,4,1216,NW,MCI,MSP,393,N
9,9,5,2230,DL,LAX,JFK,2475,N
9,21,4,1631,WN,SAN,LAS,258,N
3,24,4,1359,UA,LAX,DFW,1235,Y
7,20,4,1918,US,SFO,LAS,414,Y
11,14,2,810,HA,ITO,OGG,121,N
2,13,7,2156,B6,OAK,IAD,2408,N
10,13,4,1530,WN,PHX,PVD,2277,N
10,9,1,651,XE,EWR,DAY,533,N
7,4,1,2013,OO,SFO,SBA,262,N
8,29,2,1546,OO,DEN,LNK,423,N
12,19,1,1759,HP,LAS,SNA,226,Y
11,11,5,1740,WN,BWI,SLC,1864,N
11,29,3,642,OO,SMX,LAX,135,N
12,16,6,1512,AA,OGG,LAX,2486,N
6,6,2,859,US,PHX,DFW,868,N
8,26,6,1806,CO,IAH,SEA,1874,N
5,26,5,629,F9,LAS,DEN,629,N
8,25,4,1530,WN,MDW,BHM,570,N
2,20,7,1654,MQ,BNA,LGA,764,N
8,28,1,1158,AA,SMF,DFW,1431,Y
2,22,3,1222,MQ,RST,ORD,268,N
4,4,2,1948,DL,ATL,JAN,341,N
3,11,5,800,WN,HOU,DAL,239,N
11,4,5,1543,NW,RAP,MSP,490,N
11,23,4,1606,WN,PHL,RDU,336,N
1,14,5,2122,UA,ORD,BDL,783,Y
9,20,3,1101,MQ,CMH,LGA,478,Y
8,18,4,741,CO,IAH,MIA,964,N
5,5,5,1429,YV,IAD,PWM,494,N
1,31,2,1114,YV,ORD,BNA,409,N
6,19,1,717,OO,COD,DEN,392,N
7,22,6,846,US,DCA,BOS,399,N
5,13,5,638,UA,BOS,SFO,2704,N
4,20,4,1536,UA,LGA,DEN,1619,Y
6,30,4,1901,DL,ATL,DAB,366,N
3,9,4,622,OO,CLD,LAX,86,N
11,18,6,1716,MQ,GRK,DFW,134,N
11,19,7,855,US,MSP,LAS,1300,N
3,29,2,1923,EV,ATL,TLH,223,N
12,26,1,1703,UA,CLT,DEN,1337,N
3,13,1,2351,UA,ORD,GRR,137,Y
4,5,2,1220,EV,ATL,FAY,331,N
8,8,1,1813,WN,PHX,LAX,370,Y
8,8,1,900,OH,CVG,PHL,507,N
12,7,3,1252,MQ,DFW,XNA,281,Y
11,17,4,855,WN,MHT,MDW,838,N
8,18,5,2149,WN,LAX,LAS,236,N
7,7,4,1424,NW,DEN,MSP,680,N
5,30,2,1549,US,LAX,PHX,370,N
1,28,5,617,AA,SFO,DFW,1464,N
12,12,2,1609,UA,MCO,ORD,1005,N
6,28,3,2143,US,CLT,BWI,361,N
8,18,5,2137,US,CLT,ABE,481,N
7,12,3,1106,CO,IAH,EWR,1400,Y
12,26,1,1936,FL,MEM,ATL,332,N
6,26,7,916,EV,ATL,TUP,253,N
1,16,7,700,WN,LBB,AUS,341,N
5,24,3,955,WN,SMF,ONT,389,N
12,27,2,2015,WN,BWI,BUF,281,N
9,5,1,1234,DL,FLL,CVG,932,N
7,29,6,705,US,ILM,CLT,185,N
10,9,7,1229,WN,LAS,PHX,256,Y
10,13,4,1840,US,PBI,PHL,951,Y
6,6,2,1222,FL,ATL,MIA,595,N
11,15,3,1453,WN,BNA,BWI,588,N
5,4,4,602,US,PVD,PHL,238,N
3,22,3,1652,CO,EWR,SNA,2433,N
7,1,5,1302,MQ,GSO,DFW,999,N
12,11,7,737,US,FLL,PHL,992,N
6,6,1,1217,F9,DEN,LAX,862,N
4,8,5,1531,AA,DFW,AUS,190,N
6,3,6,1755,WN,LAS,SAT,1069,Y
1,20,4,759,MQ,ORD,CLE,316,N
4,26,2,1032,B6,JFK,TPA,1005,N
3,20,7,1828,OO,FAR,DEN,627,N
6,7,2,1702,AA,DFW,LGA,1389,N
10,16,1,1220,OO,ORD,CID,196,N
10,27,5,1510,DL,ATL,MSY,425,Y
8,2,3,642,NW,DCA,MSP,931,N
2,19,7,808,MQ,DFW,PNS,604,Y
7,3,1,1713,WN,MDW,MCI,405,N
8,21,7,1345,AA,MCO,SJU,1189,Y
6,25,6,2102,B6,JFK,SLC,1989,N
3,20,7,804,DH,BTV,IAD,442,N
4,10,1,1916,NW,IND,LGA,659,Y
7,4,2,2108,UA,DEN,SLC,391,N
8,10,3,1943,AA,DFW,OKC,175,N
7,27,3,626,CO,CLE,IAH,1091,N
10,8,7,1809,DL,JAX,ATL,270,N
1,13,5,1511,DL,ATL,JAX,270,N
9,24,7,1920,NW,EWR,MSP,1008,Y
10,12,4,1557,XE,CLE,RDU,416,N
10,7,5,1734,DL,BDL,CVG,661,N
10,24,1,1836,AS,SIT,JNU,95,N
3,4,5,1002,OO,DEN,COS,72,N
9,12,2,641,UA,SFO,PDX,550,N
12,18,1,1051,DL,ATL,TPA,406,N
4,4,1,836,US,IAD,CLT,321,N
4,9,7,821,OO,EKO,SLC,200,N
1,4,2,1636,DL,ATL,MSY,425,N
5,21,7,722,AA,STL,MSY,604,N
4,29,6,1600,WN,HOU,SAT,192,Y
9,24,6,1727,FL,IND,ATL,432,N
10,21,6,818,XE,EWR,RDU,416,N
6,14,3,1543,DL,ATL,LAX,1946,Y
8,4,4,1130,WN,MDW,DTW,229,Y
5,5,5,2025,AA,ORD,SJC,1829,N
10,27,4,1111,DL,SAV,ATL,215,N
7,4,2,1101,WN,PHX,SNA,338,Y
8,23,3,1456,AA,ABQ,DFW,569,N
2,19,7,1126,AS,SEA,DFW,1660,N
8,27,6,1706,MQ,DBQ,ORD,147,N
4,15,5,645,EV,CHO,ATL,457,N
4,24,7,1105,WN,MCO,BWI,787,N
1,6,4,721,UA,BOI,DEN,649,N
5,22,7,812,DH,SAV,IAD,515,N
5,25,4,1252,AA,ORD,SEA,1721,Y
11,9,3,855,OH,CVG,ORD,264,N
4,21,4,935,WN,BHM,HOU,570,N
2,23,3,1522,DL,SLC,PDX,630,Y
9,29,5,723,AA,SAN,DFW,1171,N
8,10,4,2023,WN,BWI,BDL,283,N
5,16,1,1812,AA,AUS,LAX,1242,N
6,18,7,619,OO,SLC,DEN,391,N
2,20,7,832,UA,BOS,LAX,2611,N
8,16,3,1705,OH,JFK,RDU,426,N
12,14,3,732,AA,PVD,ORD,849,N
11,9,4,1050,EV,CHA,ATL,106,N
6,13,2,1010,UA,BDL,IAD,326,N
9,26,2,1227,WN,LAS,PHX,256,N
8,18,5,1259,XE,IAH,STL,668,N
11,11,6,1432,YV,CHS,ORD,760,N
4,4,2,1453,CO,IAH,PHX,1009,N
9,14,3,2039,HP,LAX,LAS,236,N
2,2,4,923,EV,ATL,ABE,692,N
10,16,1,848,WN,HOU,AUS,148,Y
11,14,1,938,XE,MKE,EWR,725,N
3,26,6,945,WN,BHM,MSY,321,N
9,4,7,2038,OO,SLC,COS,410,N
6,28,3,1549,MQ,SGF,ORD,438,Y
12,10,7,1029,WN,LBB,LAS,775,N
11,28,2,1507,AA,DFW,JAX,919,N
11,9,3,635,US,EWR,CLT,529,N
12,6,3,1442,EV,MYR,ATL,317,N
8,15,1,1024,CO,MCO,EWR,938,N
3,13,1,2258,B6,JFK,BUF,301,Y
2,21,2,644,AA,SNA,DFW,1205,N
7,5,3,850,OH,CLE,CVG,221,Y
5,19,4,852,UA,ORD,CLT,599,Y
4,11,1,816,XE,MAF,IAH,429,N
6,19,7,745,MQ,ORF,MIA,802,N
2,9,3,612,EV,BQK,ATL,238,N
6,2,5,1631,FL,ATL,BMI,533,N
12,20,2,1421,CO,EWR,ATL,745,N
3,25,5,1352,DL,ATL,MEM,332,N
3,31,5,1114,CO,SFO,EWR,2565,N
4,29,5,2115,OH,CLT,ATL,227,N
11,2,3,1133,MQ,MDT,ORD,594,N
7,11,2,1330,AS,OAK,SNA,371,N
6,13,1,738,US,BOS,CLT,728,N
10,26,4,1904,US,BOS,DCA,399,Y
3,20,7,1206,NW,FLL,IND,1005,Y
2,1,2,1341,NW,MEM,DTW,610,N
8,10,4,829,AS,BUR,SEA,937,Y
7,3,1,2101,WN,SLC,PHX,507,N
9,17,7,1918,YV,PHX,PSP,261,N
6,2,5,1334,UA,SNA,ORD,1726,N
11,27,7,1259,XE,RIC,EWR,278,N
12,12,1,952,NW,FLL,DTW,1127,Y
11,2,4,1551,CO,EWR,RSW,1068,Y
10,8,6,711,HP,BWI,PHX,1999,N
1,22,7,1730,WN,SMF,SAN,480,Y
9,26,1,1143,XE,CLE,ORF,435,N
9,14,4,1445,WN,MHT,MDW,838,N
12,23,6,749,YV,CLT,ORF,290,N
7,20,3,1725,UA,LGA,ORD,733,Y
8,8,2,731,CO,IAH,FLL,965,N
6,17,6,1925,FL,MCO,PHL,861,N
7,17,1,606,AS,LAX,SEA,954,N
6,27,2,1024,DL,CVG,ATL,373,N
12,5,1,1531,NW,MSP,MKE,297,N
3,27,1,1650,AS,SEA,SMF,605,N
7,15,6,952,MQ,LAS,LAX,236,N
9,23,6,1005,NW,DTW,MYR,636,N
7,7,5,2333,EV,ATL,SGF,563,Y
11,20,7,1530,MQ,ORD,BUF,473,N
6,12,1,655,UA,OMA,DEN,472,N
1,27,4,2122,EV,ATL,GNV,300,N
5,2,1,1955,MQ,RDU,STL,667,N
9,26,1,1901,AA,JFK,LAX,2475,N
8,2,2,940,US,CLT,MIA,650,N
7,27,4,708,NW,DTW,FLL,1127,N
1,30,7,1631,AA,DCA,DFW,1192,N
1,22,6,1608,AA,BOS,LAX,2611,Y
3,8,2,743,OO,ORD,FWA,157,N
2,16,3,2029,US,PHL,BWI,90,N
12,23,6,1937,CO,PBI,EWR,1024,N
1,20,5,1740,YV,LAX,LAS,236,N
3,19,7,1925,WN,LAX,MDW,1750,Y
2,28,2,625,WN,SAT,ELP,496,N
9,4,7,1029,DL,LGA,BOS,185,N
10,27,5,2119,OO,ORD,FWA,157,Y
4,1,6,925,WN,LAX,SAT,1210,N
12,30,5,1241,OO,LAX,SBP,155,N
2,9,3,706,NW,MSP,EWR,1008,N
5,30,2,1806,AA,BDL,DFW,1471,N
5,9,1,713,NW,MSP,DCA,931,N
3,19,7,855,NW,BZN,MSP,874,Y
12,31,7,1724,MQ,LGA,RDU,431,N
7,11,2,645,MQ,SAN,LAX,109,N
2,28,2,1520,UA,SEA,SFO,679,N
8,7,1,1300,NW,MCO,MEM,683,N
2,24,5,1753,UA,ORD,ATL,606,N
3,4,5,1009,NW,MEM,DCA,762,Y
10,7,6,1644,YV,IAD,CHS,441,N
6,13,1,1039,DH,PIT,IAD,183,N
2,15,2,1030,WN,MDW,BNA,395,N
8,5,6,654,NW,MCI,MSP,393,N
8,25,5,2035,US,ORD,PHL,678,Y
1,13,4,842,OO,LAX,SNA,36,N
4,12,3,1014,UA,DEN,BWI,1491,N
1,5,3,805,WN,HOU,BNA,670,N
3,31,4,1814,WN,BNA,BWI,588,Y
2,20,1,918,XE,PNS,IAH,489,N
4,13,3,2042,DL,SLC,DEN,391,N
1,30,1,1804,OO,LAX,PSP,110,Y
3,20,7,549,DL,MEM,ATL,332,N
9,26,1,1954,MQ,GRK,DFW,134,N
8,13,6,1440,WN,MAF,DAL,319,N
8,7,1,617,OO,PSP,DEN,776,N
7,28,5,1909,WN,MHT,MDW,838,Y
10,5,4,1322,YV,HNL,KOA,163,N
2,27,1,1340,YV,MEM,IAD,742,Y
9,12,2,858,XE,CLE,BNA,448,N
1,20,4,1207,CO,MIA,EWR,1086,N
11,30,3,1703,NW,DTW,ORD,235,N
11,28,2,1935,MQ,SAN,LAX,109,N
12,19,1,1041,NW,IAH,MSP,1034,N
9,24,6,905,WN,MDW,SAN,1728,N
3,28,2,1532,DL,ATL,BHM,134,N
7,9,6,2141,DL,ATL,BWI,576,Y
1,31,1,2235,OO,LAX,MRY,267,N
9,5,1,1655,OO,MOD,SFO,78,N
4,10,7,233,AS,ANC,SEA,1449,N
11,19,7,2028,US,PHX,SEA,1107,N
7,10,1,727,DL,ATL,FLL,581,N
1,18,3,1328,CO,SFO,CLE,2161,Y
3,12,7,748,UA,LAX,LAS,236,N
2,27,7,1137,WN,HOU,BNA,670,Y
3,28,1,902,OO,SLC,SGU,269,N
2,2,4,1714,AA,STL,TPA,869,Y
10,30,1,1223,MQ,RST,ORD,268,N
12,27,3,1431,CO,IAH,CLE,1091,N
5,22,1,2055,MQ,DFW,FWA,859,Y
10,6,5,523,HA,HNL,ITO,216,N
7,30,6,907,DL,ATL,IAD,533,N
8,25,4,1632,NW,MOT,MSP,449,N
1,15,7,1635,WN,BOI,SEA,399,N
6,6,1,2258,DL,ATL,ORD,606,Y
1,6,5,1657,MQ,DCA,LGA,214,N
4,17,1,1732,WN,LAS,DEN,629,N
10,4,2,1950,WN,OKC,MCI,313,N
12,2,5,1844,UA,ORD,CLE,316,N
11,20,7,810,WN,MCO,ISP,972,N
11,7,1,753,OO,RAP,DEN,301,N
11,24,4,1715,EV,MLB,ATL,443,Y
1,5,3,737,FL,BWI,FLL,925,N
6,27,2,1910,DL,ATL,LAS,1747,N
7,9,7,843,B6,BOS,IAD,413,N
9,18,1,2041,XE,EWR,MCI,1092,Y
2,27,1,1732,XE,MEM,EWR,946,N
6,17,6,1335,WN,MHT,BWI,377,N
6,27,2,943,NW,DTW,SAN,1957,N
12,9,6,726,WN,MHT,TPA,1204,N
10,18,2,1729,MQ,LBB,DFW,282,N
6,22,4,1504,NW,TVC,DTW,207,N
4,1,6,1757,UA,ORD,DCA,612,N
4,21,5,1615,WN,ABQ,PDX,1111,N
4,13,4,1020,UA,DEN,LGA,1619,N
8,23,3,1236,YV,ORD,PWM,900,Y
11,14,1,829,UA,DEN,SMF,910,N
11,29,2,1008,MQ,DFW,AMA,313,N
1,28,6,1440,MQ,DCA,JFK,213,N
7,26,3,1923,EV,ATL,IAH,689,Y
9,19,2,2055,CO,IAH,PHX,1009,N
12,3,7,1558,US,LAS,FLL,2174,N
8,12,5,1852,NW,LAN,DTW,74,N
10,6,4,1231,DL,CVG,RSW,879,N
12,18,1,1906,OO,CPR,DEN,230,Y
9,4,1,2011,UA,BOS,IAD,413,Y
9,4,1,2249,UA,LAX,PHL,2401,N
1,20,5,1230,OH,DAY,CVG,64,N
9,5,1,1728,NW,GRB,DTW,288,N
6,8,3,902,XE,IAH,IND,845,N
11,7,2,1058,CO,EWR,TPA,998,N
9,2,6,1902,DL,CVG,SAN,1865,N
10,11,3,1852,XE,PVD,EWR,160,Y
5,6,6,1803,XE,CLE,DAY,162,N
12,21,4,1620,WN,MDW,RDU,632,N
9,1,4,1829,DL,DCA,LGA,214,N
8,31,3,658,US,SEA,PHL,2378,N
12,15,5,1101,WN,PHL,PVD,238,N
6,19,1,1123,OH,MCI,CVG,539,N
1,21,5,1248,AA,ORD,MCI,403,N
12,3,6,1455,OH,DCA,CMH,322,N
12,24,6,1231,OO,ORD,LEX,323,Y
8,3,3,630,WN,BNA,BWI,588,N
10,5,3,1349,DL,PNS,ATL,272,N
8,18,5,1713,DL,DEN,ATL,1199,N
11,5,6,803,MQ,RDU,LGA,431,N
5,18,3,1732,DL,ATL,HSV,151,N
2,4,6,1937,YV,ORD,GSP,577,Y
6,23,5,1010,OH,CVG,MCI,539,N
12,31,7,1625,YV,OGG,HNL,100,N
3,11,5,731,CO,IAH,MSY,305,N
1,19,3,2131,TZ,EWR,MDW,711,Y
9,24,6,1900,US,FLL,BOS,1237,N
9,19,2,817,UA,LAS,IAD,2066,N
10,24,2,1728,DL,MCO,SLC,1929,N
6,15,3,1112,OO,SLC,IDA,188,N
1,18,2,1850,NW,MSP,AZO,426,N
8,17,4,1219,AS,OAK,SNA,371,N
10,17,1,1624,OO,PHX,LAX,370,Y
8,2,2,1413,AA,ORD,LGA,733,Y
3,5,6,1745,AA,DFW,SJC,1438,N
8,17,4,1622,UA,CLT,ORD,599,N
9,1,4,754,MQ,DCA,BOS,399,N
10,1,6,555,AA,AUS,ORD,978,N
6,8,3,757,US,PIT,CLT,366,N
7,25,1,1730,XE,IAH,OMA,781,Y
6,16,5,2054,F9,LAS,DEN,629,N
3,10,4,659,MQ,LGA,BOS,185,N
1,19,4,1613,NW,SAT,DTW,1215,N
4,5,2,555,CO,AUS,IAH,140,N
4,21,4,803,MQ,ORD,BUF,473,N
9,25,7,802,DL,DCA,ATL,547,N
8,7,1,745,MQ,ORD,TOL,214,N
12,21,3,519,HA,HNL,OGG,100,N
9,15,4,1814,UA,ORD,PVD,849,N
5,8,1,802,AA,STL,RSW,979,N
4,29,5,1051,OH,CVG,ABE,503,N
12,26,1,1504,NW,MSP,LAS,1300,Y
2,7,2,1700,EV,ATL,MOB,302,Y
10,2,1,1859,UA,ORD,SFO,1846,Y
3,23,3,1012,FL,ATL,TPA,406,N
3,12,6,1059,MQ,HSV,DFW,603,N
10,12,3,2050,XE,CLE,MSN,402,N
6,21,3,2102,WN,TPA,HOU,781,Y
11,21,1,746,UA,RIC,ORD,642,N
8,9,3,2108,NW,DTW,PVD,614,N
2,15,2,1553,CO,DCA,IAH,1208,N
5,3,3,1112,AA,MIA,ORD,1197,N
4,16,7,1328,MQ,VPS,DFW,626,N
11,21,1,1516,NW,LGA,MSP,1020,Y
1,22,7,1311,OO,EUG,SLC,619,N
8,8,1,1752,NW,MSP,BZN,874,Y
1,4,3,2015,OO,DEN,EUG,997,N
3,13,7,1348,UA,SMF,ORD,1781,N
11,14,2,1035,WN,ISP,LAS,2283,N
2,28,1,2218,DL,ATL,CHS,259,Y
9,25,1,2037,US,PHL,FLL,992,N
7,2,7,1925,OO,SGU,SLC,269,Y
2,9,3,1447,US,PHL,TPA,920,N
9,14,3,1852,DH,ORD,IAD,589,N
1,11,2,1828,AA,SJU,PHL,1576,N
2,22,2,639,HP,SAN,PHX,304,N
2,21,1,1736,UA,DEN,SMF,910,N
5,29,1,813,AA,SJU,BOS,1674,N
11,28,1,903,AA,DCA,MIA,920,Y
7,21,5,1854,CO,EWR,SFO,2565,Y
2,1,3,921,XE,DSM,IAH,802,N
1,20,4,1603,OO,LAX,FAT,209,N
5,16,1,553,TZ,LGA,MDW,725,N
12,1,5,1820,YV,SBA,PHX,455,N
4,24,7,1918,US,RDU,CLT,130,N
10,18,3,639,UA,DSM,DEN,589,N
11,24,4,649,CO,CMH,EWR,462,N
3,5,6,1517,EV,TPA,RDU,587,N
1,15,7,952,AA,LAS,SJC,386,N
6,20,1,1411,US,CLT,ORD,599,Y
1,1,6,940,WN,BHM,SDF,323,N
3,14,2,950,WN,MDW,OAK,1844,Y
8,19,6,1927,CO,IAH,TPA,787,Y
4,11,2,1554,EV,RDU,CVG,390,N
12,15,5,903,XE,JAX,IAH,817,Y
3,30,3,2159,B6,MCO,JFK,944,Y
4,16,7,1324,XE,BRO,IAH,308,N
7,28,4,1354,NW,DTW,GRR,120,N
1,8,6,641,US,BWI,PIT,210,N
12,18,1,1751,DL,BHM,ATL,134,N
11,16,3,1515,WN,BUR,PHX,369,N
8,10,4,615,AA,DFW,ORD,802,N
7,11,1,749,XE,IAH,SDF,788,N
11,6,1,1546,WN,RDU,MDW,632,N
4,18,1,1057,MQ,ACT,DFW,89,N
6,9,4,920,WN,SNA,OAK,371,N
10,8,7,1252,AA,DCA,DFW,1192,N
10,6,4,1545,UA,ORD,CLT,599,N
2,3,4,1910,HP,PHX,OMA,1037,N
3,25,5,1405,WN,BNA,JAX,484,N
7,20,3,2040,EV,CVG,EVV,170,Y
4,10,1,2048,EV,ATL,FLO,273,N
6,17,6,733,AA,JFK,MIA,1090,Y
12,27,2,1433,DL,DEN,CVG,1069,N
1,24,1,1359,HP,PHX,IAH,1009,Y
12,15,5,1324,AA,LAX,MIA,2342,N
10,21,5,826,MQ,RDU,BOS,612,N
9,13,2,1229,DH,TYS,IAD,419,N
10,29,6,1509,FL,LGA,PHF,288,N
1,13,5,2005,WN,PHX,TUL,935,Y
5,17,2,624,NW,COS,MSP,725,N
5,24,2,1300,WN,DAL,ELP,562,N
10,18,2,1928,OO,FAT,SFO,158,Y
3,22,3,1710,OO,DEN,SLC,391,N
6,29,4,836,CO,IAH,LAX,1379,N
6,23,4,1600,WN,OAK,LAX,337,N
10,21,5,1125,XE,CVG,EWR,569,N
4,14,4,1352,MQ,DFW,LAW,140,N
11,7,1,1005,EV,AGS,ATL,143,Y
11,14,1,2050,DL,CVG,MKE,318,Y
3,30,4,2134,WN,MCI,BNA,491,N
5,31,2,902,XE,CLE,STL,487,N
9,25,1,1030,EV,CLE,ATL,554,N
5,14,6,558,MQ,SYR,ORD,607,N
2,5,7,1910,EV,TYS,ATL,152,N
5,21,7,806,AA,SAT,ORD,1041,N
3,20,7,1609,HP,LAS,EWR,2227,N
9,24,7,1724,NW,MSP,ANC,2518,N
12,27,3,900,MQ,LAX,MRY,267,N
8,9,3,1206,UA,LAS,ORD,1515,Y
4,14,5,954,EV,ATL,MEI,267,N
12,6,2,1915,DL,CVG,SNA,1877,N
7,10,1,2001,DL,ATL,BNA,214,N
1,8,7,1813,CO,IAH,DFW,224,N
2,24,5,912,CO,IAH,TUS,936,N
6,23,4,954,OO,SLC,ELP,693,N
5,18,4,748,AA,DCA,DFW,1192,N
3,5,7,1850,CO,DEN,IAH,861,N
5,8,7,1236,DH,BTV,IAD,442,N
9,2,6,1027,XE,IAH,LFT,201,N
3,17,4,1751,AA,OGG,ORD,4184,N
5,3,2,945,UA,DEN,ONT,819,N
10,6,5,1914,UA,SFO,LAX,337,N
9,5,2,1603,XE,IAH,DFW,224,N
8,2,2,1417,NW,BZN,MSP,874,Y
7,16,6,805,WN,JAX,ORF,543,N
1,20,5,901,MQ,RDU,JFK,426,N
5,14,7,1925,WN,PHX,LAS,256,Y
8,28,1,1915,DL,SLC,ONT,558,N
3,21,1,1534,US,CLT,ALB,646,N
5,23,1,624,DH,GSO,IAD,239,N
2,10,5,2044,OH,CVG,JAX,614,N
6,30,5,1635,NW,PHL,DTW,453,Y
10,17,2,1924,NW,MCI,MSP,393,N
7,11,1,1902,DH,GSP,IAD,383,N
12,28,3,1105,WN,MDW,CMH,284,N
7,22,5,1951,AA,ORD,DCA,612,N
2,3,4,614,XE,CLL,IAH,74,N
7,10,7,1342,OH,ROC,CVG,461,N
11,8,3,856,AA,SLC,DFW,988,N
10,25,3,1149,HA,HNL,OGG,100,N
5,6,5,1152,DL,FLL,LGA,1076,N
10,11,3,1030,OH,BDL,CVG,661,N
4,13,3,657,DL,MCO,JFK,944,N
10,25,3,2121,DL,ATL,ORF,516,N
7,5,2,835,XE,CLE,DCA,310,N
6,8,4,1115,XE,CLE,ALB,424,N
4,13,3,1424,CO,IAH,TUL,429,N
1,29,6,1647,OH,CVG,MSP,596,Y
3,26,7,1646,US,PVD,CLT,683,N
6,25,7,1315,XE,MCI,IAH,643,Y
4,15,6,1413,OH,SAV,CVG,515,N
12,14,4,2054,UA,DEN,EGE,121,N
9,6,2,2215,EV,ATL,AVL,164,N
2,12,7,814,AA,ORD,IAH,925,N
8,27,7,1210,WN,STL,OKC,462,N
1,13,4,1303,MQ,MKE,ORD,67,Y
5,19,5,1445,OH,BHM,LGA,866,Y
10,26,4,1444,WN,PHX,SAN,304,Y
3,5,6,1351,UA,PDX,ORD,1739,N
5,25,4,2110,WN,RDU,BWI,255,N
6,25,7,1454,DL,HSV,ATL,151,Y
7,18,1,1303,AA,DFW,MCI,460,Y
3,4,5,953,XE,DFW,GUC,678,N
3,25,5,1250,OH,CVG,SAT,1024,N
12,17,6,1510,WN,PHX,STL,1262,N
10,17,1,845,WN,MHT,MCO,1142,N
10,3,1,1100,OO,PDX,SEA,129,N
5,23,2,1805,NW,MCI,MSP,393,N
6,2,4,1515,WN,DAL,AMA,324,N
3,26,6,1316,UA,ORD,RIC,642,N
9,14,4,829,CO,EWR,BOS,200,N
10,21,5,1627,AA,DFW,LGA,1389,N
1,27,5,1440,OH,DTW,JFK,508,N
6,6,2,1306,EV,ATL,OMA,821,N
5,26,5,1214,AS,SIT,KTN,183,Y
5,25,3,1048,XE,IAH,MEM,469,N
12,22,4,758,EV,ATL,SAT,874,Y
7,23,7,938,NW,DTW,MHT,609,N
5,17,2,2247,EV,CVG,CAE,404,N
3,7,2,700,EV,AVP,ATL,714,N
6,21,3,1256,XE,IAH,DAL,217,N
4,29,6,2138,B6,JFK,LAS,2248,N
6,5,7,1015,WN,CLE,BNA,448,N
2,22,3,847,US,IND,CLT,428,N
8,10,4,1833,OO,CAK,ORD,344,Y
2,17,4,1603,UA,LAS,DEN,629,Y
12,12,2,2031,AA,DFW,BNA,631,Y
11,18,6,2109,NW,MSP,SFO,1589,N
4,29,6,1327,OO,BUR,SLC,574,N
12,25,7,626,XE,RDU,IAH,1043,N
7,23,7,746,WN,SEA,SLC,689,N
12,4,1,2029,FL,ATL,BUF,712,Y
5,26,5,1508,WN,MDW,OAK,1844,Y
8,1,1,609,DL,TPA,ATL,406,N
10,31,2,1438,US,LAS,PHL,2176,Y
11,17,4,1555,WN,HOU,CRP,187,N
3,8,2,1748,HP,AUS,PHX,872,N
10,31,2,1659,WN,OAK,ONT,361,N
5,4,3,640,WN,RNO,PHX,601,N
11,6,1,652,NW,MCI,MSP,393,N
1,6,5,857,OH,BHM,CVG,396,N
6,7,2,1820,DL,BOS,LAS,2381,N
12,18,7,1607,XE,MKE,CLE,328,N
9,21,3,832,UA,SLC,ORD,1249,Y
4,21,4,836,US,PHL,BOS,280,N
9,14,3,654,US,DCA,PIT,205,N
1,10,1,1143,DL,TUS,ATL,1541,N
7,28,5,1929,B6,PWM,JFK,274,Y
8,7,7,1320,EV,ATL,TRI,227,Y
6,12,1,940,YV,DEN,COS,72,N
11,8,3,1620,AA,ORD,DCA,612,N
8,16,2,1145,WN,TPA,BNA,612,N
12,21,4,1323,NW,MSP,JAX,1174,N
4,1,5,656,AA,BOS,MCO,1121,N
8,9,3,858,XE,IND,IAH,845,N
2,7,2,1112,EV,ATL,GRR,640,N
2,1,2,1729,OH,CVG,PNS,608,N
12,27,2,803,OO,HLN,SLC,402,N
7,25,2,1201,MQ,ORD,SGF,438,N
8,5,6,1511,AA,LAX,SFO,337,N
8,16,2,1649,UA,ORD,DCA,612,N
3,21,1,659,UA,IAD,LAX,2288,N
2,6,1,1807,OO,LNK,ORD,466,N
5,14,7,728,DL,LAX,SLC,590,N
7,27,4,1314,WN,RNO,SEA,564,N
9,24,7,1413,WN,OAK,SNA,371,N
11,11,6,1532,AQ,OGG,LIH,202,N
5,13,6,2105,YV,SBP,LAS,314,N
2,1,3,1119,XE,SDF,IAH,788,N
5,24,2,1859,UA,ORD,DAY,240,Y
6,28,2,653,AA,DFW,MIA,1121,Y
3,26,6,1112,UA,DEN,SLC,391,N
7,7,5,1040,OH,CVG,BNA,230,N
9,24,7,651,UA,GEG,ORD,1498,N
8,24,4,1331,WN,MDW,DTW,229,Y
12,7,4,1401,EV,DAY,ATL,432,N
8,18,5,1615,MQ,DFW,TYS,772,Y
3,23,3,1814,AA,ORD,MIA,1197,Y
9,24,7,1909,DL,BOS,LAS,2381,N
4,18,2,1832,AA,SFO,LAX,337,N
3,15,3,1657,AS,LAS,SEA,866,N
4,3,7,627,MQ,BNA,ORD,409,N
5,21,6,1425,WN,MDW,CLE,307,Y
5,6,5,954,HP,JFK,PHX,2153,N
2,27,1,939,OO,SEA,SLC,689,N
7,3,1,1637,AA,LAX,ORD,1745,N
1,5,3,819,DL,ATL,JAX,270,N
4,14,4,1156,MQ,GRB,ORD,174,N
10,7,6,1006,WN,BUR,LAS,223,N
4,15,5,1609,EV,HSV,TPA,523,N
5,3,3,1303,AA,DFW,GSO,999,N
9,30,6,754,WN,SAN,SMF,480,N
7,13,4,728,OO,ASE,DEN,125,N
8,16,2,2238,UA,SAN,ORD,1723,N
2,27,1,1913,MQ,ORD,BNA,409,Y
10,5,3,1228,FL,ATL,SAV,215,N
1,22,6,1035,WN,DAL,OKC,181,N
12,27,2,2335,AS,LAS,PDX,762,Y
7,28,4,1500,TZ,MSP,MDW,349,N
7,8,5,1431,NW,MEM,MCI,392,N
8,3,4,712,B6,IAD,LGB,2277,N
6,6,2,1613,MQ,RDU,DCA,227,Y
10,2,7,710,OO,BIS,DEN,517,N
12,30,5,832,EV,ATL,TOL,549,Y
8,8,2,1035,YV,IAD,MDW,577,Y
12,7,3,1803,AA,IAH,DFW,224,Y
5,28,6,1015,WN,ORF,BWI,159,N
8,27,7,734,WN,LAX,SJC,308,N
3,19,7,1608,FL,BWI,ROC,277,N
2,2,4,1208,EV,DAY,ATL,432,N
7,3,7,739,DL,CVG,ATL,373,N
5,4,4,1608,YV,RAP,DEN,301,N
7,17,7,2130,WN,HOU,BWI,1246,Y
3,28,1,1129,UA,MHT,ORD,843,N
11,14,1,645,WN,PDX,ABQ,1111,N
12,19,1,700,OH,GSO,BOS,645,N
11,15,3,1424,DL,OMA,ATL,821,N
9,13,2,822,CO,BOS,EWR,200,N
2,24,5,1449,AA,LGA,ORD,733,Y
5,12,5,2008,WN,IND,JAX,688,Y
3,16,4,1745,OH,BGM,CVG,506,N
2,5,7,1907,US,IAD,CLT,321,N
11,6,1,634,MQ,DCA,RDU,227,N
1,30,1,748,B6,FLL,EWR,1065,N
10,23,7,1045,WN,SMF,PHX,647,N
11,7,1,1153,DH,IAD,ATL,533,N
5,17,3,807,AS,SEA,ANC,1449,N
2,6,7,1552,UA,SFO,LAX,337,N
6,22,3,813,HP,SAN,PHX,304,N
7,30,7,855,AA,MCI,DFW,460,N
8,7,1,1042,OO,LEX,ORD,323,N
9,8,4,1430,CO,IAH,DFW,224,N
3,28,1,2200,WN,PHX,ONT,325,N
10,9,7,731,NW,JAC,BIL,186,N
12,2,5,1743,XE,EWR,SYR,194,Y
5,20,5,1703,AA,DFW,LGA,1389,N
9,30,6,1439,CO,IAH,ANC,3266,N
3,12,7,1830,AS,SEA,DEN,1024,N
10,21,6,1128,AA,MIA,BWI,946,N
10,7,6,1142,DL,ATL,GSP,153,N
12,12,1,1300,WN,MDW,STL,251,N
11,2,3,958,HP,LAX,LAS,236,N
1,22,6,1755,WN,LAX,SLC,590,N
4,29,6,1854,DL,FLL,ATL,581,N
11,4,6,1127,AA,DFW,DCA,1192,N
2,4,5,1222,CO,PHX,CLE,1737,N
7,14,4,650,OO,SFO,EUG,451,N
5,3,2,1820,OH,BGR,BOS,201,N
7,5,3,555,UA,TPA,DEN,1506,N
8,16,2,1039,US,SAN,PHL,2369,N
2,1,2,1930,WN,STL,HOU,687,N
8,6,7,733,AA,ABQ,ORD,1118,N
8,29,1,1659,AA,SFO,DFW,1464,N
2,16,4,830,XE,MKE,CLE,328,N
11,23,4,1642,AA,ORD,LAX,1745,N
12,16,5,727,NW,MSP,MCO,1310,N
4,28,5,1839,OO,SEA,PDX,129,N
8,24,3,933,HP,LAS,SEA,866,N
4,30,7,808,OO,SFO,SMF,86,N
2,22,2,556,MQ,BTR,DFW,383,N
8,14,1,1415,MQ,SBP,LAX,155,N
4,20,4,1251,DL,LAS,ATL,1747,N
3,14,1,1240,WN,OAK,PHX,646,N
9,29,5,1340,OH,IND,JFK,664,N
1,23,1,1815,OO,SFO,SLC,599,N
10,17,1,1900,OH,CVG,GSP,317,N
5,10,3,1005,EV,ATL,CSG,83,N
8,7,7,2057,OH,CVG,SCE,383,N
9,11,1,1604,CO,IAH,DCA,1208,N
6,22,3,1703,NW,DTW,MDW,229,N
6,30,4,1832,UA,DEN,LAS,629,Y
5,2,1,554,XE,SDF,CLE,304,N
3,11,6,1634,XE,IAH,SDF,788,N
7,9,7,1803,OO,SFO,FAT,158,Y
7,11,2,2144,WN,LAS,OAK,407,Y
12,12,2,625,OH,BOS,JFK,187,N
12,28,4,654,DL,SRQ,ATL,445,N
2,12,6,1310,WN,BNA,ISP,803,N
11,18,6,942,MQ,OMA,ORD,416,N
9,17,7,914,AA,ORD,MCI,403,N
1,24,1,1040,WN,TUL,HOU,453,N
11,25,5,1931,AS,SEA,SJC,697,N
1,26,4,1538,WN,MCI,PHX,1044,N
9,6,2,1427,DH,TYS,MCO,532,N
2,11,6,531,DL,MKE,ATL,669,N
2,2,4,1027,OO,PIT,ORD,412,N
8,22,2,1003,WN,MCO,BWI,787,N
11,27,7,702,CO,MSY,IAH,305,N
6,9,4,616,AA,IAD,MIA,921,N
12,27,2,2039,DL,ATL,BDL,859,N
9,28,4,1133,XE,EWR,GSO,446,N
12,18,1,1147,AA,DFW,CMH,927,N
6,10,5,1047,AS,PDX,SAN,933,N
4,4,2,1135,WN,PHX,AUS,872,Y
11,16,3,1835,DL,MCO,ATL,403,Y
9,11,1,1956,UA,DEN,STL,770,Y
6,4,7,1449,FL,CAK,ATL,528,N
5,9,1,736,HP,STL,PHX,1262,N
7,16,6,931,UA,BWI,ORD,622,N
5,19,4,1553,WN,SAN,OAK,446,Y
1,5,4,1239,AA,ATL,DFW,732,N
8,17,3,924,CO,IAH,SAN,1303,N
11,29,3,1307,MQ,JAN,DFW,408,N
12,28,4,1448,WN,RNO,SJC,188,Y
8,5,5,1613,HP,PHX,LAS,256,N
5,31,3,825,OO,SLC,DEN,391,N
4,23,6,1305,UA,LAX,SEA,954,N
6,18,7,1105,WN,STL,LIT,296,Y
7,19,3,1949,US,CLT,CHS,168,N
8,19,5,1502,AS,OAK,PDX,543,N
6,22,3,1420,WN,ONT,OAK,361,N
11,18,5,1946,NW,MSP,JFK,1028,Y
10,22,6,1147,OO,DEN,GTF,624,N
2,1,3,734,DL,LGA,PBI,1035,N
5,28,7,737,AA,SAN,ORD,1723,N
2,21,1,804,DL,SAT,CVG,1024,N
5,7,7,1806,XE,IAH,BFL,1428,N
8,28,1,825,MQ,RDU,DCA,227,N
10,27,5,1033,XE,IAH,TLH,658,N
3,18,5,1500,WN,HRL,AUS,273,N
6,7,2,829,DL,ATL,DCA,547,N
9,19,2,1005,WN,OAK,SLC,588,N
9,6,2,1023,DH,IAD,CHS,441,N
2,20,1,639,CO,LAS,EWR,2227,N
7,3,7,1930,WN,BUF,MCO,1011,Y
1,6,4,1625,XE,IAH,PIT,1117,Y
11,25,5,1730,OO,DEN,BUR,850,N
10,19,4,1810,AA,LAX,HNL,2556,N
12,30,6,840,US,ORD,LAS,1515,N
11,17,4,655,AS,PSP,SFO,421,N
12,15,4,2113,XE,EWR,IAD,213,Y
7,25,2,1918,OH,MDW,ATL,590,Y
12,18,7,710,NW,MSN,DTW,312,N
8,6,7,1245,FL,MSP,MDW,349,Y
5,8,1,1327,AA,MIA,BOS,1258,N
11,5,7,1248,US,CLT,DCA,331,N
3,4,5,1653,AA,DFW,IAH,224,N
7,31,1,1541,NW,DTW,ATL,594,Y
8,12,6,705,CO,PBI,IAH,956,Y
2,21,2,1408,XE,MDT,CLE,280,N
12,8,4,1326,XE,IAH,OMA,781,Y
3,14,1,1254,DL,CVG,LAS,1678,N
6,10,5,1714,AA,DEN,DFW,641,Y
8,25,5,844,US,PHL,MCO,861,Y
4,19,3,1619,MQ,SHV,DFW,190,N
3,13,1,1750,YV,DEN,COS,72,N
11,19,6,955,WN,RDU,BNA,443,N
9,14,4,1427,NW,MSP,PHX,1276,N
11,25,5,1404,DL,ATL,PHX,1587,N
9,1,4,1934,DL,CVG,IND,98,N
11,8,2,915,B6,JFK,MCO,944,N
11,17,4,706,EV,ATL,IAH,689,N
11,21,2,1754,EV,ATL,PIT,526,Y
9,30,5,907,UA,IAD,MIA,921,N
7,17,7,656,CO,MFE,IAH,316,N
9,20,2,1813,FL,MCO,ATL,403,Y
8,25,5,1110,CO,CLE,MCO,895,N
4,22,5,1932,XE,CLE,PVD,540,Y
2,7,2,1008,NW,MSP,ORD,334,N
10,30,7,2047,AA,MIA,DEN,1709,Y
10,13,4,1440,OH,CVG,MYR,489,N
8,31,3,725,WN,BNA,PHX,1448,N
7,24,7,1910,WN,PHX,LAS,256,Y
11,1,3,2021,MQ,DFW,LAW,140,N
9,7,3,620,XE,ALB,CLE,424,N
3,6,7,1107,HP,PHX,OAK,646,N
10,22,6,1915,OH,JFK,ORD,740,Y
11,12,6,1827,EV,IAH,CVG,871,N
9,8,5,1858,NW,DTW,BWI,408,N
1,23,1,1758,US,PHL,SJU,1576,N
6,27,1,900,WN,HOU,DAL,239,N
10,24,1,1652,US,DCA,CLT,331,N
11,17,5,1151,AA,ORF,DFW,1213,N
5,31,2,1116,MQ,LAX,FAT,209,N
11,21,1,749,OH,CVG,RIC,413,N
2,5,7,1625,WN,MDW,CMH,284,N
7,10,7,1926,WN,DAL,TUL,237,Y
12,1,4,915,WN,RNO,LAX,390,N
6,12,7,1600,AA,JFK,LAX,2475,N
2,3,5,1846,OO,LAX,YUM,237,Y
2,26,7,710,CO,LAX,IAH,1379,N
8,23,3,1536,NW,DTW,CMH,155,N
12,10,7,1947,WN,MDW,LAX,1750,N
10,14,6,727,WN,MCO,RDU,534,N
10,3,1,648,AA,TPA,MIA,204,N
6,2,5,1236,AA,STL,ORD,258,N
12,18,7,649,US,CMH,DCA,322,N
5,16,2,1503,AS,SMF,SEA,605,N
3,8,3,1040,WN,LAS,SEA,866,N
11,6,7,820,DL,MCO,JFK,944,N
1,26,4,937,MQ,XNA,ORD,522,N
7,30,6,902,OH,CVG,CLE,221,N
6,22,3,2130,DL,ATL,PBI,545,N
4,22,6,1043,WN,OMA,LAS,1099,N
9,27,3,1518,WN,HOU,ELP,677,N
5,5,4,1530,FL,BWI,DAY,406,N
3,14,1,1707,MQ,CMH,RDU,361,N
10,17,1,1431,WN,STL,MCO,880,Y
4,14,4,1655,DL,MCO,ATL,403,Y
9,28,4,1844,DL,ATL,PVD,903,Y
9,20,2,1333,UA,DEN,ORD,888,N
12,5,1,835,EV,ATL,PNS,272,N
10,9,7,1948,OH,CVG,DAY,64,N
7,2,6,651,AS,ANC,FAI,261,N
9,25,1,2108,EV,SLC,OAK,588,N
7,30,6,1128,DL,EWR,ATL,745,N
7,12,2,2144,OO,ORD,DAY,240,Y
6,26,1,1836,OO,SEA,PDX,129,N
11,29,2,1438,WN,STL,ABQ,934,Y
9,4,1,1108,US,CLT,BOS,728,N
9,16,5,1249,AA,DFW,SAT,247,N
5,27,6,1205,EV,AVP,ATL,714,N
11,23,4,1315,NW,MSP,RSW,1416,N
9,1,5,725,YV,COS,LAS,604,N
11,13,1,945,YV,CLT,BWI,361,N
6,24,6,1828,AA,ORD,PDX,1739,N
4,23,6,2304,EV,ATL,AVP,714,N
11,18,5,1338,AA,STL,FLL,1056,N
5,25,4,600,WN,LAS,SLC,368,N
12,5,1,1515,WN,PHX,ABQ,328,N
3,20,7,1335,XE,IAH,MKE,984,N
8,18,4,1616,MQ,TVC,ORD,224,Y
5,16,1,2059,CO,IAH,OAK,1628,N
11,20,1,2331,US,LIH,PHX,2979,N
7,11,1,1830,MQ,ORD,BUF,473,Y
4,3,7,1158,OO,SLC,EUG,619,N
5,10,2,718,AA,LAS,DFW,1055,N
6,18,7,1020,OH,ATL,ALB,852,Y
3,16,4,1338,OO,ATW,ORD,160,Y
4,2,7,2155,FL,EWR,ATL,745,Y
9,14,3,1127,DL,ATL,IND,432,N
9,24,6,1032,FL,PHL,ATL,665,N
4,6,4,1553,US,PIT,LGA,335,N
7,3,1,1701,OO,SLC,EKO,200,N
10,10,2,1939,UA,DCA,ORD,612,N
10,2,7,2025,FL,LGA,ATL,761,Y
10,25,3,937,WN,TPA,AUS,928,N
6,3,6,1000,MQ,CMI,ORD,135,N
1,20,4,1920,TZ,MSP,MDW,349,Y
2,11,6,2007,OO,DEN,DRO,251,Y
10,29,6,1035,DL,ATL,SJU,1547,N
12,6,2,1900,CO,IAH,GPT,376,N
5,11,4,1611,EV,ATL,BQK,238,N
4,29,6,2057,UA,HNL,LAX,2556,N
10,20,5,925,WN,CMH,BWI,336,N
8,16,3,1631,UA,DCA,ORD,612,N
7,31,7,1342,AA,DFW,LGA,1389,N
1,20,5,2104,CO,IAH,LAX,1379,N
2,6,1,1053,OO,SLC,AUS,1085,N
5,10,2,1723,CO,DEN,EWR,1605,N
11,28,2,1914,AA,FLL,SJU,1046,N
4,27,3,759,MQ,CMH,ORD,296,N
3,9,4,601,US,ELP,PHX,347,N
5,19,4,1826,DL,MKE,ATL,669,N
12,3,7,645,OO,LWS,SLC,461,N
7,17,1,2145,YV,IAD,EWR,213,N
1,21,5,1519,OH,RDU,CVG,390,N
4,17,1,1529,AA,DFW,SFO,1464,Y
12,29,5,1629,DL,DCA,LGA,214,N
4,2,6,456,DL,PNS,ATL,272,N
1,24,1,1235,WN,MAF,LAS,796,N
8,26,5,1519,AA,DFW,FLL,1119,Y
9,2,6,1027,CO,IAH,SAT,191,N
12,15,4,1943,UA,ORD,TPA,1012,Y
9,7,4,1754,FL,RSW,ATL,515,N
10,25,3,1725,MQ,ORD,TVC,224,Y
9,4,7,1808,OO,SFO,SBA,262,N
12,2,6,1614,OO,DEN,MTJ,197,Y
9,14,3,928,AA,LAX,DFW,1235,N
11,20,1,700,EV,DHN,ATL,171,N
4,5,3,754,UA,ORD,SFO,1846,N
4,5,3,1023,OH,LGA,CMH,478,N
2,1,3,1540,OH,RIC,LGA,292,N
11,20,1,703,WN,BWI,PVD,328,N
3,8,3,1124,XE,CLE,MDT,280,N
6,1,3,854,XE,CLE,ATL,554,N
10,3,2,1115,OH,BGR,BOS,201,N
11,2,4,1250,OH,ORD,JFK,740,N
3,18,6,1829,OO,DEN,BHM,1082,N
11,19,6,1119,HP,PHX,BOI,735,N
1,24,1,847,UA,SFO,ORD,1846,N
4,8,5,1624,DL,RSW,ATL,515,N
5,13,6,727,US,PHL,FLL,992,N
1,1,6,700,OO,BHM,ORD,584,N
9,14,3,1920,CO,BOS,EWR,200,Y
7,19,3,1449,MQ,RDU,BDL,532,N
8,18,5,620,OH,IAH,CVG,871,N
3,31,4,933,DL,EWR,ATL,745,Y
5,27,5,1140,HA,HNL,KOA,163,N
7,6,3,1854,MQ,IAD,ORD,589,N
10,1,6,1330,EV,ATL,DTW,594,N
2,14,2,1402,WN,MDW,SAN,1728,Y
2,9,3,1355,EV,ATL,CRW,363,N
7,11,2,1710,WN,PHX,SNA,338,N
2,7,1,2100,NW,MSP,GTF,887,N
7,29,6,1908,F9,DEN,LAX,862,Y
1,16,7,1155,DL,MDW,ATL,590,N
9,10,6,710,WN,LBB,ELP,295,N
1,31,2,1452,YV,DRO,DEN,251,N
11,27,7,1447,XE,IAD,CLE,288,Y
1,13,4,1430,US,CLT,IAH,913,N
7,4,1,1327,XE,PWM,EWR,284,N
10,1,7,1809,WN,ELP,ABQ,223,N
3,30,4,1411,CO,ORD,IAH,925,N
7,14,4,1715,WN,SEA,OAK,671,N
2,20,1,1834,YV,DEN,BNA,1013,N
1,21,6,1917,WN,MDW,MHT,838,Y
7,23,7,1557,AA,MCO,STL,880,Y
10,25,3,1840,YV,BHM,ORD,584,Y
5,17,2,1646,AS,SNA,OAK,371,Y
3,14,2,1706,DL,BWI,SLC,1864,N
2,25,5,619,MQ,SGF,ORD,438,N
5,26,5,1312,US,PHX,SJC,621,N
11,22,3,1229,DL,LGA,DCA,214,N
7,14,4,1206,NW,ORD,DTW,235,N
2,4,5,1812,DL,MHT,CVG,741,Y
3,31,4,1803,XE,BNA,CLE,448,Y
12,8,4,625,OH,DAY,CVG,64,N
6,10,6,1426,AS,PDX,LAS,762,Y
2,13,7,1355,MQ,BOS,LGA,185,N
11,14,1,1427,UA,TUS,DEN,639,N
3,26,7,2126,XE,IAH,LFT,201,N
1,15,7,2031,US,PHL,LAS,2176,Y
9,28,3,1415,NW,MSP,DTW,528,N
5,1,7,1040,DL,PDX,CVG,1975,N
3,8,2,1855,FL,TPA,ATL,406,Y
7,4,1,1525,CO,EWR,LAX,2454,Y
3,7,1,1228,FL,ATL,PIT,526,N
1,21,5,1635,NW,IND,DTW,231,N
7,27,3,837,NW,FNT,MSP,491,Y
2,23,3,1335,WN,SJC,SNA,342,N
3,6,1,1125,US,LAS,OAK,407,N
2,11,5,1350,XE,SDF,EWR,642,N
10,17,1,1256,UA,OGG,LAX,2486,N
11,25,5,1350,WN,PHX,ABQ,328,Y
5,2,1,1931,NW,MEM,BHM,211,N
4,18,1,1302,DL,DCA,ATL,547,N
11,2,3,837,AA,LAX,HNL,2556,N
4,20,4,1313,AA,DCA,ORD,612,N
5,16,1,1616,US,BNA,DCA,562,N
1,18,3,1518,XE,CMH,EWR,462,Y
6,15,3,1410,FL,ATL,DFW,732,N
8,31,3,1328,OH,LGA,PWM,270,Y
2,19,6,1611,XE,TUL,IAH,429,Y
2,6,7,1240,OO,ABQ,SLC,493,Y
8,2,2,919,UA,IAD,SFO,2419,N
7,3,7,2315,UA,SEA,ORD,1721,N
4,11,1,1154,OO,SLC,FCA,532,N
8,9,3,1509,FL,LGA,PHF,288,N
6,21,3,1455,WN,PHX,SAN,304,Y
5,19,5,1255,EV,FLO,ATL,273,N
12,30,6,2002,MQ,DFW,MSN,821,Y
9,18,7,1153,DL,ATL,ORD,606,N
8,26,6,1036,MQ,DFW,CLL,164,N
1,9,7,1140,OH,CVG,RDU,390,N
8,8,1,2327,CO,SFO,CLE,2161,N
8,19,5,653,XE,EWR,DTW,487,N
7,19,3,902,NW,MSP,SFO,1589,N
1,14,5,1131,US,SFO,CLT,2296,N
7,20,4,1342,MQ,DFW,TUL,237,N
12,20,3,707,WN,MDW,BNA,395,N
9,26,2,1548,XE,EWR,LEX,588,N
1,31,2,1935,OO,SLC,GTF,463,N
11,8,3,1504,US,TPA,CLT,508,N
10,28,6,1700,EV,BOI,SLC,291,N
8,11,4,1106,CO,EWR,ATL,745,N
11,3,4,2115,OH,CLT,ATL,227,N
6,28,3,1335,FL,FLL,ATL,581,Y
12,25,1,2140,F9,DEN,PHX,602,N
1,20,5,727,DL,GSP,ATL,153,N
5,5,4,1202,XE,CLE,SDF,304,Y
2,11,5,1819,DL,BOS,LAS,2381,N
8,12,6,1200,YV,PHX,COS,551,Y
10,31,1,57,NW,SEA,MSP,1399,N
12,20,2,836,CO,DEN,IAH,861,N
1,27,5,2011,CO,MCO,EWR,938,N
7,2,7,1030,US,MCO,PHL,861,N
5,17,2,739,AA,DFW,IND,762,N
3,5,6,849,OH,BOS,GSO,645,N
8,7,1,1105,OH,CVG,HTS,123,Y
12,25,1,801,NW,IND,MEM,381,N
9,5,2,1110,XE,IAH,MEM,469,N
3,19,7,829,DL,BWI,ATL,576,N
11,4,6,1253,MQ,MEM,MIA,860,N
8,6,6,1457,OO,RDM,PDX,116,N
12,24,7,1740,FL,MCO,ATL,403,N
3,30,3,1536,CO,SNA,EWR,2433,N
10,18,2,1950,MQ,ORD,LSE,215,N
2,19,6,1031,FL,MCO,MKE,1066,N
12,4,7,2300,DL,LAX,BDL,2527,Y
1,10,1,559,AS,SEA,LAX,954,N
6,5,1,1155,DL,ATL,CMH,446,N
2,4,5,1649,US,FLL,PHL,992,N
6,8,3,2053,FL,ATL,DFW,732,Y
1,15,7,2115,XE,IAH,MCI,643,N
11,2,4,1847,DL,ATL,LAS,1747,N
9,6,3,651,B6,JFK,BUR,2465,N
11,10,4,952,AS,SNA,OAK,371,N
4,21,5,1810,UA,BOS,ORD,867,N
1,24,2,1344,NW,DTW,MHT,609,N
1,24,1,635,MQ,TYR,DFW,103,N
6,1,3,1154,HA,HNL,OGG,100,N
1,10,2,2121,AS,SFO,SEA,679,Y
11,11,6,921,WN,IAD,MDW,577,N
11,15,3,706,UA,MSY,ORD,837,N
9,6,2,1734,CO,IAH,PHX,1009,N
9,5,2,1641,OO,ABQ,LAX,677,N
2,22,3,1931,WN,PHX,ONT,325,Y
12,9,6,1740,YV,COS,PHX,551,N
5,14,7,648,US,SAN,PHX,304,N
5,6,6,1223,US,OAK,PHX,646,N
11,24,5,1511,AA,DFW,IND,762,N
1,20,4,1238,UA,DEN,BOI,649,Y
10,11,3,841,NW,RDU,MSP,981,N
6,18,7,2114,AS,SEA,GEG,224,N
8,5,6,1020,MQ,BTR,DFW,383,N
3,23,4,1655,WN,HOU,OKC,419,N
9,30,5,1740,XE,IAH,MCI,643,Y
2,12,6,1322,US,SJU,PIT,1739,N
3,15,3,943,HA,KOA,HNL,163,N
11,26,6,1909,MQ,DCA,BNA,562,N
10,25,3,1759,DL,ATL,PBI,545,N
7,11,1,1136,UA,DCA,ORD,612,N
3,18,6,1057,XE,DAL,IAH,217,N
8,7,7,857,AA,PSP,DFW,1126,N
8,10,3,1559,F9,CAK,DEN,1224,N
5,14,7,2049,UA,LAS,LAX,236,N
11,3,5,1726,NW,DTW,FNT,56,N
7,27,3,1237,FL,ATL,CAK,528,N
7,31,1,1802,AA,DFW,TUL,237,N
7,12,2,645,WN,SLC,OAK,588,N
9,20,3,1637,OH,CVG,DAY,64,N
2,3,4,1103,AA,DTW,DFW,987,N
6,15,4,1506,YV,PHX,LAX,370,Y
2,1,3,1754,AA,ORD,LGA,733,N
4,5,2,556,OO,ABQ,SLC,493,N
6,15,4,1735,WN,PHX,HOU,1020,Y
11,4,5,1100,WN,AUS,HOU,148,N
6,11,7,1627,OO,DEN,TUL,541,Y
11,11,5,1552,CO,IAH,LAX,1379,N
10,20,5,1855,XE,CLE,BUF,192,N
12,20,3,1730,UA,JFK,SFO,2586,N
1,25,2,1125,WN,OAK,LAX,337,Y
10,17,1,1035,OH,LAN,CVG,258,N
1,29,7,1327,OO,BUR,SLC,574,N
7,8,5,625,WN,CLE,MDW,307,N
3,7,1,1027,NW,MSP,DCA,931,N
3,5,6,1845,WN,TPA,PVD,1137,N
6,21,3,1531,MQ,MRY,LAX,267,N
6,21,2,640,TZ,MDW,MSP,349,N
1,28,6,1053,AA,SJU,MIA,1045,N
1,2,1,607,XE,ALB,CLE,424,N
4,27,3,746,UA,BWI,ORD,622,N
8,9,2,1824,UA,ORD,RSW,1120,N
9,13,2,1301,OO,ORD,GRR,137,N
11,1,3,1036,F9,DEN,AUS,775,N
11,15,3,2037,WN,ELP,MAF,246,N
8,9,2,2018,WN,STL,PHX,1262,Y
8,31,3,2311,UA,PDX,ORD,1739,N
6,12,7,2032,AA,ORD,DFW,802,N
2,9,3,1021,US,BOS,PHL,280,N
4,12,2,1751,AA,DFW,SJC,1438,N
9,14,4,1824,NW,MEM,CMH,518,N
8,20,7,859,US,CMH,PHL,405,N
10,24,2,2022,WN,PVD,MDW,842,N
8,2,3,1529,CO,EWR,SJU,1608,Y
7,27,3,1204,UA,ORD,GRR,137,Y
3,26,6,1446,US,PHL,MIA,1013,N
11,19,7,1330,AA,DEN,DFW,641,Y
3,20,7,1636,DL,CVG,PHX,1569,N
11,11,5,1727,OO,CHS,ORD,760,Y
8,6,7,1135,NW,MSP,FSD,197,N
3,24,4,1354,DL,ATL,EWR,745,Y
12,10,7,942,WN,HOU,MSY,303,N
10,18,2,1336,UA,LAX,LAS,236,Y
6,22,3,1539,US,DCA,BUF,296,N
3,6,1,1234,EV,ATL,CAK,528,N
2,23,3,2217,WN,LAS,OAK,407,Y
6,12,1,1840,YV,GSO,ORD,590,N
2,15,3,1650,OH,SYR,CVG,527,N
4,19,3,1002,NW,DTW,ORF,529,N
10,7,6,732,CO,IAH,FLL,965,N
10,21,6,2026,UA,DEN,RNO,804,N
6,15,3,1717,NW,MSP,MSO,1013,N
3,24,5,643,OO,ORD,PIT,412,N
3,16,3,1426,B6,FLL,JFK,1069,Y
5,6,6,828,AS,FAI,ANC,261,N
11,23,4,718,WN,PHX,HOU,1020,N
9,30,6,1019,OO,SLC,OMA,839,N
8,24,3,605,FL,ROC,ATL,749,N
11,11,5,1303,OO,CPR,SLC,320,Y
7,12,2,1201,OO,DEN,GTF,624,N
6,12,7,1618,WN,PHX,ABQ,328,Y
1,24,2,905,WN,MDW,SAN,1728,N
10,8,6,1919,NW,MSP,MDW,349,N
11,16,3,1330,UA,ORD,IAD,589,N
3,29,2,1023,NW,MSP,FLL,1487,N
5,1,1,724,XE,CLE,MSP,622,N
1,10,2,1731,US,FLL,DCA,899,N
10,29,7,1810,YV,ORD,MBS,222,N
5,10,3,655,OH,HSV,CVG,325,N
5,25,3,1744,UA,IND,ORD,177,N
4,26,2,1410,FL,MCO,BWI,787,N
2,23,3,853,NW,ORF,DTW,529,N
5,13,5,1743,MQ,SBA,LAX,89,N
10,30,1,1744,US,LAS,SNA,226,Y
4,6,3,1708,NW,DTW,CLT,500,N
12,26,2,1834,MQ,OMA,ORD,416,N
12,31,6,1541,HA,HNL,LAS,2762,N
9,2,5,1747,AA,SDF,DFW,733,N
11,24,5,1955,WN,PVD,BWI,328,N
8,1,2,1505,AQ,KOA,HNL,163,N
7,5,2,1009,OH,TRI,CVG,216,N
12,27,2,1016,NW,MSP,IND,503,N
7,23,6,1503,OH,JFK,IAD,228,Y
3,12,6,1231,DL,ELP,ATL,1282,N
12,31,6,1459,AA,ORD,MCI,403,Y
12,2,5,1724,EV,SLC,JAC,205,N
5,9,1,1003,UA,ORD,SJC,1829,N
9,10,7,1626,XE,EWR,PVD,160,N
9,6,3,1325,OO,PDX,RDM,116,N
8,17,4,850,XE,LGA,CLE,418,N
10,11,2,936,US,CLT,MIA,650,N
5,9,2,1021,US,PHX,OGG,2845,N
9,14,4,652,CO,BOS,EWR,200,N
2,13,1,830,OH,CVG,STL,307,N
6,24,6,2117,AA,DFW,DCA,1192,Y
5,16,2,2018,US,PHL,BWI,90,N
7,5,3,728,DL,IAD,SLC,1827,N
2,20,1,1949,OO,ORD,MLI,139,N
2,21,1,2030,AA,LGA,ORD,733,Y
8,31,3,809,NW,SFO,DTW,2079,N
2,9,3,1720,WN,ONT,PHX,325,N
8,7,1,1737,WN,MSY,BNA,471,Y
1,30,1,1332,HA,HNL,KOA,163,N
5,28,7,1559,US,RSW,PHL,992,N
9,2,5,1830,EV,ROA,ATL,357,Y
12,6,3,1405,MQ,SAN,LAX,109,N
9,23,5,20,NW,LAX,DTW,1979,N
3,15,3,1031,UA,CMH,ORD,296,N
11,21,1,950,DL,ATL,BOS,946,Y
2,7,2,1627,AA,OMA,ORD,416,N
11,2,4,656,NW,DTW,MCO,957,N
10,22,7,731,AA,DTW,ORD,235,N
8,22,1,1659,HP,LAS,SNA,226,N
3,24,4,859,DL,CVG,SAN,1865,N
7,30,6,723,OO,SBA,LAX,89,N
8,27,7,701,DL,ATL,IAD,533,N
11,15,3,1725,AA,LGA,ORD,733,Y
3,31,4,1620,AA,SLC,DFW,988,N
3,25,6,1820,OH,CVG,OKC,756,N
9,10,7,1000,US,PHL,SAN,2369,N
3,29,3,1628,UA,SLC,DEN,391,N
5,14,7,1012,CO,PHX,IAH,1009,N
3,23,3,1713,XE,EWR,CLT,529,Y
5,25,4,1527,NW,DTW,LAS,1750,N
7,12,3,1019,MQ,DFW,CRP,354,N
1,6,4,1901,DL,EWR,ATL,745,Y
10,23,1,1540,WN,RNO,LAS,345,N
4,29,5,2005,US,PHL,SFO,2521,N
7,6,4,632,UA,ORD,EWR,719,N
12,1,5,1750,US,AUS,PHX,872,N
4,1,5,1913,US,IAD,CLT,321,N
12,15,4,759,CO,IAH,TPA,787,N
11,16,4,818,YV,PWM,CLT,812,N
2,17,4,1808,WN,ONT,LAS,197,Y
10,4,2,1140,WN,RDU,PHL,336,Y
10,21,5,1256,DL,MCO,ATL,403,N
12,22,5,618,XE,BNA,IAH,657,N
9,20,2,729,AA,BDL,SJU,1666,Y
5,21,7,1931,UA,EWR,SFO,2565,Y
12,6,3,657,XE,BUF,CLE,192,N
5,2,2,1131,US,CLT,FLL,631,N
1,21,6,1140,OH,RSW,CVG,879,Y
12,3,7,2045,US,FLL,LAS,2174,N
12,19,2,1104,OO,PDX,RDM,116,N
10,8,7,956,OO,SFO,RDD,199,N
4,30,7,1404,OO,SFO,MOD,78,Y
5,26,5,1153,XE,IAH,MCO,853,N
4,4,1,1632,WN,OAK,SAN,446,Y
6,20,1,812,WN,MDW,RDU,632,Y
3,16,4,1413,AA,FLL,DFW,1119,N
8,23,3,1303,MQ,DFW,JAN,408,N
8,12,5,958,AA,DFW,ORD,802,N
7,11,2,1406,AA,SAN,DFW,1171,N
7,4,2,1350,MQ,BWI,JFK,184,N
8,26,5,2030,WN,RDU,BWI,255,N
3,8,3,1550,WN,DAL,SAT,248,Y
10,2,7,2141,AS,OME,ANC,539,N
9,19,1,857,DL,SAV,ATL,215,N
10,26,3,2045,OH,MIA,MCO,193,N
12,6,3,1603,OO,LAX,BOI,674,N
2,28,1,710,WN,LIT,PHX,1136,N
4,7,4,1308,UA,DEN,BWI,1491,Y
7,28,5,1256,WN,SEA,PHX,1107,N
3,7,1,1315,HP,RNO,PHX,601,Y
2,6,7,1222,NW,ROC,DTW,296,N
6,8,3,2119,UA,ORD,MIA,1197,Y
4,5,3,1819,XE,STL,IAH,668,Y
9,4,7,1457,CO,CLE,IAH,1091,N
2,25,5,2046,DL,CVG,PBI,892,N
3,13,7,1312,DL,MIA,ATL,595,N
8,3,4,1901,DL,ATL,MCI,692,N
7,17,1,1128,MQ,MOB,DFW,540,N
8,28,1,1548,WN,AUS,DAL,189,N
6,15,3,1840,CO,MSY,IAH,305,N
12,31,7,600,OH,TYS,LGA,647,N
10,29,6,1727,AA,DFW,LAX,1235,Y
3,20,7,1050,CO,IAH,BOS,1597,N
6,4,6,1115,WN,LAX,ABQ,677,Y
8,9,3,1149,CO,IAH,PHX,1009,N
6,3,6,1019,DL,MCO,JFK,944,Y
10,3,1,1239,CO,BWI,IAH,1235,N
9,19,2,1350,YV,IAD,PHL,134,Y
3,28,2,1110,WN,PDX,SJC,569,N
2,5,7,1416,EV,ORF,ATL,516,N
9,14,3,824,UA,MCO,DEN,1545,N
8,11,5,1654,XE,IAD,EWR,213,N
4,25,2,1124,DL,SLC,SMF,532,N
7,26,2,1609,AA,DFW,TUS,813,Y
4,27,3,1728,NW,MSY,MSP,1040,N
9,30,5,1904,DL,MCO,CVG,756,N
5,26,4,1033,XE,IAH,GPT,376,N
5,3,3,1145,WN,BHM,HOU,570,N
8,25,5,837,WN,OAK,BUR,325,N
6,24,6,1221,FL,PHL,FLL,992,Y
1,9,7,1417,US,SEA,PHL,2378,Y
2,12,6,1714,FL,BWI,TPA,842,N
10,6,4,1813,OO,TUS,SLC,601,N
10,4,3,2144,WN,MCO,FLL,178,N
8,13,6,1751,AA,ORD,STL,258,Y
7,31,7,1352,OO,SLC,CPR,320,N
7,25,2,1810,MQ,SAT,DAL,248,N
10,30,7,1824,MQ,ORD,CMI,135,N
5,15,1,1324,WN,LAX,PHX,370,Y
12,4,7,806,AA,MIA,SJU,1045,N
3,22,2,855,WN,SEA,RNO,564,N
3,16,3,2111,FL,EWR,ATL,745,Y
11,28,2,1404,OO,SLC,MSO,436,Y
7,3,1,752,FL,DCA,RSW,892,N
9,22,5,1605,EV,VPS,ATL,264,Y
11,10,4,2248,UA,SAN,ORD,1723,N
11,26,7,1030,XE,EWR,CMH,462,N
1,3,2,713,NW,MCI,MEM,392,N
5,17,2,1157,UA,IAH,DEN,861,N
8,11,4,1459,DL,SLC,SAN,626,N
12,21,4,1053,OO,SLC,FAR,865,Y
5,16,2,811,FL,PHF,BOS,464,Y
10,3,2,1719,OO,RDD,SFO,199,Y
4,10,1,1355,AA,MIA,TPA,204,N
10,12,4,2050,WN,PHX,DEN,602,N
9,16,6,1309,OO,LAX,SMF,373,N
3,13,7,857,AA,MSP,ORD,334,N
7,2,6,1055,WN,OKC,PHX,833,N
12,3,6,1724,OO,SAN,LAX,109,N
10,24,2,1914,NW,MSP,BOS,1124,Y
2,14,2,1913,CO,IAH,JAX,817,N
1,4,3,1117,XE,STL,IAH,668,N
3,11,5,2028,WN,MCO,BNA,616,N
2,11,5,1656,MQ,CLL,DFW,164,N
11,26,6,1231,UA,DEN,BWI,1491,N
6,24,5,1429,AA,DFW,ICT,328,N
7,31,1,1543,AA,MIA,BWI,946,N
6,20,2,850,OH,LGA,RIC,292,Y
4,7,5,930,WN,DAL,HOU,239,N
4,15,5,849,OH,CVG,COS,1078,N
3,22,3,1019,UA,LAX,DEN,862,N
1,3,1,1331,AA,ORD,STL,258,N
11,8,3,1537,YV,FAT,PHX,493,N
10,15,6,1041,XE,MCI,EWR,1092,N
6,11,6,1405,XE,MEM,CLE,622,N
5,8,1,935,AA,DFW,LAS,1055,Y
7,30,7,902,CO,CLE,PHX,1737,N
8,17,4,2127,DL,ATL,IAH,689,N
9,29,5,1038,FL,MYR,ATL,317,N
2,10,4,2245,FL,ATL,EWR,745,N
3,20,7,1713,OO,SBP,LAX,155,N
6,10,6,1127,DL,ATL,PHL,665,N
1,2,7,715,EV,ATL,IAD,533,N
8,24,3,1959,UA,ANC,ORD,2846,N
8,14,1,628,DL,SJC,SLC,585,N
5,22,7,1558,OO,SEA,GEG,224,N
10,19,3,1503,EV,ATL,VLD,208,Y
8,2,2,1600,WN,OAK,LAX,337,N
12,7,4,1114,AA,TPA,ORD,1012,N
11,21,1,2258,NW,DTW,MSP,528,Y
4,13,4,1335,WN,SJC,ONT,333,N
1,18,3,2059,WN,LAS,PHX,256,Y
12,11,7,1207,NW,PDX,MSP,1426,N
11,15,2,920,XE,IAH,OMA,781,N
2,6,7,708,UA,IAH,ORD,925,N
5,25,3,718,AS,SFO,PSP,421,N
6,6,1,1916,UA,LAS,LAX,236,Y
3,12,7,812,FL,PIT,MCO,834,N
3,3,4,800,WN,MDW,CLE,307,N
3,23,4,1100,MQ,ORD,BTR,810,Y
12,5,2,759,DL,FLL,BOS,1237,N
3,9,4,933,WN,HOU,DAL,239,Y
3,10,4,803,UA,OAK,DEN,957,N
10,2,7,2140,WN,PHX,LAS,256,N
6,23,5,1351,NW,DTW,EWR,487,N
2,23,4,556,FL,MCO,ATL,403,N
10,1,7,1123,AQ,HNL,KOA,163,N
2,15,2,926,AA,ORD,ABQ,1118,N
9,17,6,1129,B6,BUF,JFK,301,N
6,9,4,1619,AA,MIA,MCO,193,N
2,22,3,905,UA,SFO,LAX,337,N
2,3,4,1200,UA,EWR,DEN,1605,Y
4,2,6,1057,XE,IAH,CRW,975,N
5,9,1,1128,OO,SFO,COS,963,N
12,3,6,625,DL,PDX,CVG,1975,N
9,6,2,950,AA,LAX,ORD,1745,N
9,22,4,1220,EV,ATL,CSG,83,N
12,25,1,1001,US,SJC,PHX,621,Y
6,27,1,653,XE,IAD,CLE,288,N
1,23,1,1120,WN,BNA,CMH,338,N
6,30,5,735,DL,IAH,SLC,1195,N
10,14,5,1906,CO,IAH,PIT,1117,Y
5,1,7,1656,CO,FLL,EWR,1065,N
7,31,7,2117,OO,ORD,SYR,607,Y
2,27,7,951,DL,ATL,SJC,2116,N
6,30,4,750,US,CLT,SFO,2296,N
8,28,1,1152,WN,RSW,MDW,1105,N
8,5,5,1747,AA,LAX,LIH,2615,Y
3,2,4,1830,WN,OAK,BUR,325,N
10,24,2,1330,WN,OAK,MCI,1489,N
2,7,1,810,OH,ATL,CHA,106,N
9,10,7,1550,DL,ATL,CLE,554,N
6,26,7,1858,AA,DTW,ORD,235,N
9,9,5,1414,DL,SAV,ATL,215,N
8,15,2,1121,OO,SLC,MFR,575,N
1,3,2,803,CO,EWR,IAH,1400,N
4,19,2,730,CO,CLE,BWI,314,N
3,31,5,917,OO,PSC,SLC,521,N
7,18,2,834,AA,ORD,RSW,1120,N
9,30,5,710,US,IAH,DCA,1208,N
9,28,3,5,AA,LAX,DFW,1235,N
11,28,1,1424,FL,ATL,RSW,515,Y
2,11,5,1959,DL,PNS,ATL,272,N
1,31,2,1545,WN,IND,LAS,1591,N
5,4,4,1450,UA,DFW,DEN,641,N
9,15,5,716,AA,LGA,DFW,1389,N
1,12,3,820,WN,AMA,ABQ,277,N
2,17,5,955,WN,MDW,SDF,271,Y
7,20,3,1355,WN,SAT,HOU,192,Y
8,7,1,1820,WN,AUS,HOU,148,Y
12,13,2,1540,WN,MCO,BNA,616,N
11,10,5,1148,DL,ATL,DFW,732,N
3,3,5,1420,EV,LEX,ATL,303,Y
8,14,7,1215,WN,BUR,OAK,325,N
3,9,4,1435,FL,MDW,ATL,590,Y
7,22,6,634,US,JAX,PHL,742,N
2,17,5,610,WN,GEG,PDX,279,N
7,9,6,1444,MQ,CID,DFW,685,N
10,31,2,625,DL,DTW,ATL,594,N
1,28,5,652,MQ,ORD,ALB,723,N
11,15,3,1526,DL,ATL,CMH,446,Y
3,22,2,1353,US,CLT,JAX,329,Y
12,22,5,759,XE,CLE,BWI,314,Y
1,14,6,1426,US,SEA,PHX,1107,N
3,13,7,1546,OO,LAX,SBA,89,N
8,27,7,959,YV,ORD,FSD,462,N
6,27,1,931,US,CLT,STT,1520,N
2,24,5,2129,UA,ORD,IAD,589,N
3,2,3,727,EV,AUS,SLC,1085,N
6,6,2,1805,YV,PHX,TUS,110,N
8,19,5,1243,DL,SMF,ATL,2092,N
12,20,3,1809,US,TPA,DCA,814,N
3,29,3,1841,DL,JFK,LAX,2475,N
2,9,3,1720,OO,DEN,BUR,850,N
2,27,1,1155,CO,IAH,SFO,1635,Y
11,8,3,1214,CO,EWR,IAH,1400,Y
10,22,6,1017,NW,DTW,GRR,120,N
7,16,7,730,DL,BWI,ATL,576,N
11,26,6,1206,TZ,LGA,MDW,725,N
5,8,1,1741,CO,CLE,IAH,1091,N
9,19,1,808,UA,ORD,DTW,235,Y
11,27,7,40,DL,ATL,PNS,272,Y
5,29,7,622,MQ,ATL,ORD,606,N
5,9,2,1727,XE,IAH,ATL,689,N
6,7,2,700,EV,MCN,ATL,79,Y
11,7,2,1723,US,PIT,PHL,267,Y
5,24,2,1845,CO,IAH,ORD,925,N
3,31,5,600,DL,TLH,ATL,223,N
8,2,2,1419,NW,MSP,MOT,449,N
11,2,4,2017,WN,RNO,BOI,335,N
3,20,7,2030,US,LGA,BUF,292,Y
5,3,3,1746,XE,MSN,EWR,799,N
10,28,6,856,UA,SFO,IAD,2419,N
11,10,4,1505,WN,LAS,ALB,2237,N
12,15,5,1309,UA,LAX,DFW,1235,Y
12,21,3,828,CO,SEA,IAH,1874,N
3,17,4,1017,OO,PSP,LAX,110,N
9,7,4,1225,MQ,TYR,DFW,103,N
10,2,1,1225,WN,BUF,BWI,281,N
3,18,5,733,XE,IAH,BNA,657,N
2,14,2,1015,WN,SAN,PHX,304,N
2,22,3,1008,DL,ATL,VPS,264,N
1,2,1,1051,OO,BUR,SFO,326,Y
4,3,1,1605,OH,CVG,BHM,396,N
1,30,1,1541,FL,ATL,DTW,594,N
8,10,4,1914,AA,DCA,DFW,1192,Y
5,21,7,527,XE,TUS,IAH,936,N
2,7,1,1506,B6,JFK,BTV,267,N
2,21,2,1147,US,FLL,PHL,992,N
9,21,3,1227,XE,MSY,IAH,305,N
5,25,3,631,MQ,MQT,GRB,134,N
6,30,5,647,AA,DCA,ORD,612,N
2,23,4,1009,XE,SDF,CLE,304,Y
3,31,4,1057,US,DCA,CLE,310,N
8,4,5,2048,US,PHL,BUF,279,Y
11,22,3,2152,US,LAX,PHX,370,N
10,31,1,1709,MQ,ORD,XNA,522,N
5,20,5,840,WN,LAS,BOI,520,N
3,17,4,1959,NW,MCO,DTW,957,Y
10,4,2,1710,DH,PWM,IAD,494,N
2,24,4,900,WN,LAX,LAS,236,N
10,29,7,1202,XE,OKC,IAH,395,N
6,28,3,627,NW,MCO,MEM,683,N
9,6,3,1815,NW,MSN,MSP,228,N
12,20,2,1403,OO,SFO,SBP,191,Y
2,11,5,935,NW,MEM,MIA,860,N
7,15,5,2028,FL,DCA,ATL,547,Y
9,26,2,1420,MQ,DFW,SPS,113,N
3,5,7,1337,OO,SLC,SFO,599,Y
5,16,1,2246,AA,OGG,SJC,2356,N
6,24,5,1227,AA,ORD,DFW,802,N
7,17,7,559,OO,TUS,LAX,451,N
12,20,2,1607,WN,MDW,JAN,666,N
4,27,4,1542,AA,DFW,SAT,247,N
3,2,4,2130,AA,DFW,BNA,631,Y
4,19,2,1355,AA,LGA,ORD,733,N
1,19,3,641,DL,FLL,ATL,581,N
5,19,4,1901,UA,ROC,ORD,528,Y
4,7,4,1134,DL,ATL,BOS,946,N
4,3,7,719,MQ,ORD,TOL,214,N
3,20,7,550,OH,SRQ,CVG,812,N
11,6,1,1233,YV,MDT,IAD,94,Y
3,22,2,606,MQ,JAN,DFW,408,N
7,13,3,1255,OH,STL,CVG,307,Y
11,27,1,1635,F9,PHL,DEN,1557,N
3,20,7,1306,OO,AZO,ORD,122,N
10,19,4,805,XE,IAH,CLT,913,Y
1,15,6,1806,MQ,CLL,DFW,164,Y
7,4,2,1004,OH,CVG,OKC,756,N
6,18,6,625,WN,RDU,BNA,443,N
9,29,4,2118,XE,IAH,ORD,925,N
6,11,6,1005,NW,SFO,MSP,1589,N
10,5,4,1818,XE,DCA,CLE,310,N
4,15,5,1144,DL,DTW,ATL,594,N
3,23,3,1340,NW,DTW,MSP,528,N
11,5,7,1302,UA,SFO,PHX,651,N
1,3,1,1645,EV,CLT,CVG,335,Y
12,18,1,745,WN,SAN,OAK,446,N
1,4,2,1414,UA,SAN,SFO,447,Y
7,23,7,1219,HA,HNL,OGG,100,N
3,11,6,1649,OO,SFO,SMF,86,Y
8,14,1,1602,AA,DFW,MDW,797,N
1,26,4,1530,XE,IAH,BTR,253,N
2,12,7,1620,OO,COS,SLC,410,N
6,14,2,1845,WN,PHX,SNA,338,N
11,12,7,1435,AA,STL,ORD,258,Y
5,10,3,1857,MQ,DSM,DFW,624,Y
7,19,3,1325,MQ,LIT,DFW,304,N
1,9,1,726,UA,SAN,SFO,447,N
11,3,5,1322,EV,ATL,MOB,302,N
10,14,5,752,US,PVD,CLT,683,N
12,6,2,703,XE,TYS,IAH,772,N
10,20,5,853,FL,ATL,BOS,946,Y
2,3,5,2235,CO,EWR,TPA,998,Y
11,28,2,1804,XE,DFW,CLE,1021,N
10,10,1,1953,MQ,ORD,LSE,215,N
9,25,1,1726,US,ATL,PHX,1587,N
9,18,1,627,OH,BTV,JFK,267,N
6,29,4,1638,DL,ATL,BUF,712,N
7,12,2,1757,XE,IAH,LBB,458,N
4,6,3,944,AS,SEA,PHX,1107,N
5,23,2,734,AA,DFW,SAN,1171,N
10,19,3,1758,F9,DEN,PDX,992,N
8,14,7,1204,CO,LAX,EWR,2454,N
12,15,4,1947,F9,SNA,DEN,846,N
4,29,5,704,DL,MCO,JFK,944,N
2,5,7,1810,EV,IND,ATL,432,N
10,1,6,1137,UA,DEN,KOA,3329,N
9,15,5,958,AS,BUR,SEA,937,N
7,7,5,930,WN,BNA,RDU,443,N
2,9,3,2042,DL,FLL,LGA,1076,N
9,15,4,830,WN,LAX,OAK,337,N
3,21,1,1638,WN,SAN,SJC,417,Y
5,6,5,1735,OO,FCA,SLC,532,N
12,1,4,1322,XE,IAH,MCI,643,N
12,22,4,1329,AA,DFW,PHL,1302,N
2,26,6,1136,AA,TUL,ORD,585,Y
2,8,3,936,XE,IAH,SHV,192,N
9,13,3,1247,AS,SMF,SEA,605,N
9,29,4,645,US,CLT,PHL,448,N
11,4,5,821,OO,SLC,PIH,150,N
7,13,3,1206,NW,BOS,DTW,632,N
1,24,1,1912,US,BNA,CLT,329,N
11,26,6,2257,AS,FAI,ANC,261,Y
10,31,1,1923,MQ,DFW,ROC,1266,Y
6,12,1,550,MQ,MSN,ORD,109,N
3,20,1,1903,WN,HOU,MCO,848,N
11,3,5,1117,DL,TLH,ATL,223,N
6,5,7,1736,OH,JFK,BWI,184,N
8,23,2,844,NW,DTW,MSP,528,N
3,14,1,1158,EV,ATL,OKC,761,N
7,25,1,758,XE,TYS,IAH,772,Y
1,18,3,1245,WN,LAS,OAK,407,Y
5,28,6,1714,AA,JFK,SJU,1597,N
10,22,7,2355,UA,LAX,IAD,2288,Y
7,5,3,1309,UA,SNA,DEN,846,N
8,4,4,1132,UA,SFO,BWI,2457,N
5,31,3,758,WN,MCO,BWI,787,N
9,5,2,1543,AA,STL,ORD,258,N
1,24,2,1416,DL,CVG,TPA,773,N
11,14,2,1331,WN,BWI,MCI,967,N
12,30,6,1808,F9,DEN,SNA,846,N
3,18,5,744,EV,ATL,RIC,481,N
9,12,1,1651,DL,SLC,RDU,1823,N
8,15,2,753,UA,DEN,SEA,1024,N
6,20,1,1216,NW,MKE,MSP,297,N
11,29,2,919,DH,IAD,PVD,372,N
5,19,4,1107,DL,MDW,ATL,590,N
3,13,1,1717,UA,AUS,DEN,775,N
8,2,2,2055,AA,DFW,DCA,1192,N
12,13,3,1203,WN,HOU,DAL,239,N
8,5,5,1835,HP,PHX,ATL,1587,Y
9,18,1,659,WN,MDW,HOU,937,N
3,3,4,1149,DL,ATL,GSP,153,N
8,13,6,1206,XE,JAX,EWR,821,N
1,21,6,938,AS,SEA,SAN,1050,N
2,17,4,930,MQ,ORD,PIA,130,N
7,31,7,1505,DL,LAX,CVG,1900,N
4,12,3,1800,EV,ATL,DTW,594,Y
3,21,2,2030,WN,MDW,PVD,842,N
5,3,3,824,DL,SLC,ORD,1249,N
10,6,4,1717,DL,SLC,MCO,1929,N
10,18,3,2150,OO,SLC,LWS,461,Y
10,23,7,1808,CO,MCO,IAH,853,N
11,10,5,1554,XE,IAH,ICT,542,N
6,13,2,753,AA,DFW,LAX,1235,N
3,27,1,750,WN,PVD,MCO,1073,N
5,14,7,720,WN,PHX,ABQ,328,N
2,19,7,1607,NW,PVD,DTW,614,N
8,11,4,1119,OO,BUR,DEN,850,N
5,4,4,1421,YV,DTW,IAD,383,N
10,30,1,1841,OO,SJC,LAX,308,N
9,9,6,1439,NW,MSP,PHX,1276,Y
5,2,1,2115,EV,CRW,ATL,363,N
2,1,3,1705,NW,DTW,ORD,235,N
2,11,6,1505,MQ,DFW,LAW,140,N
9,14,3,1017,NW,DTW,IAD,383,N
1,24,1,1442,CO,IAH,SAN,1303,N
4,27,3,1312,EV,ATL,ROA,357,N
10,2,1,1825,UA,IAD,LAX,2288,Y
1,19,4,1333,WN,MDW,BDL,777,N
8,16,3,1710,OO,DEN,RAP,301,N
12,12,1,1851,AS,SNA,OAK,371,N
8,27,7,1733,DL,SLC,JFK,1989,Y
1,17,2,910,US,LAS,LAX,236,N
4,3,1,931,UA,BOS,ORD,867,Y
9,24,6,1820,WN,PHX,BUR,369,N
7,30,6,2040,WN,BNA,JAX,484,Y
7,7,4,834,HA,KOA,HNL,163,N
8,14,1,1014,OO,DEN,FSD,483,N
8,9,3,1359,AA,LGA,MIA,1097,N
12,18,7,1603,XE,EWR,BTV,266,N
11,11,5,1108,FL,BOS,BWI,370,N
8,23,3,1103,UA,LAS,SFO,414,N
11,14,2,849,FL,MCO,PIT,834,N
7,10,1,918,CO,IAH,EWR,1400,Y
6,24,5,1210,WN,SDF,STL,254,N
8,5,5,1830,WN,LAS,SMF,397,Y
1,5,3,1642,AA,BOS,DFW,1562,N
5,2,1,1620,EV,CVG,IAH,871,N
11,13,7,1209,XE,TUL,IAH,429,N
5,20,5,1624,UA,DEN,PHL,1557,Y
8,9,3,938,NW,MEM,DTW,610,N
2,27,7,1846,US,MCO,PIT,834,Y
11,19,6,1711,UA,DEN,ORD,888,Y
11,30,4,735,XE,IAH,LIT,374,N
2,16,3,1040,XE,IND,EWR,644,N
3,21,1,709,HP,BWI,PHX,1999,N
7,11,1,1736,MQ,DFW,SGF,364,N
11,24,5,1727,OO,LAX,SMX,135,N
12,9,5,1911,HP,ATL,PHX,1587,N
7,19,3,1107,US,DCA,MCO,759,Y
10,25,3,650,NW,FAR,MSP,223,N
2,21,1,1437,XE,IAH,ELP,667,N
9,18,1,828,B6,JFK,RDU,426,N
6,30,4,1148,AA,DCA,ORD,612,N
8,13,7,707,WN,HOU,MSY,303,N
12,8,5,1630,EV,ATL,CAK,528,N
5,30,2,1020,UA,DEN,MCO,1545,N
9,20,2,630,DL,SFO,CVG,2036,N
6,13,1,1441,UA,DCA,ORD,612,Y
2,7,1,1530,DL,ATL,DCA,547,N
8,13,7,1702,WN,LAS,BUR,223,N
4,28,5,1511,HA,OGG,HNL,100,N
10,26,4,1039,OO,BUR,DEN,850,Y
8,14,1,1044,NW,SFO,MSP,1589,N
7,26,3,1257,FL,TPA,ATL,406,N
7,31,1,1825,DL,CVG,ABQ,1240,Y
10,31,2,741,WN,AUS,DAL,189,N
8,25,4,1221,OO,ORD,AUS,978,N
3,25,6,1546,DL,CHS,ATL,259,N
6,30,5,1226,DL,ATL,TPA,406,Y
9,14,4,1756,OO,ORD,DTW,235,N
10,21,6,1508,AA,COS,DFW,592,N
11,15,3,1901,WN,PHL,MHT,290,Y
3,29,2,1014,HA,LAS,HNL,2762,N
5,11,3,1718,US,FLL,LGA,1076,N
1,9,1,951,MQ,BOS,LGA,185,N
11,11,6,530,US,BWI,CLT,361,N
9,11,7,2055,EV,CVG,HSV,325,N
7,6,4,2100,OH,CVG,ALB,623,N
4,22,5,1536,UA,BOS,SFO,2704,N
7,21,5,950,OO,LAX,SBP,155,N
2,14,1,942,MQ,TOL,ORD,214,N
1,3,2,1535,OH,CVG,BGR,906,Y
4,8,5,555,UA,LAX,OAK,337,N
5,6,5,1120,WN,PDX,OAK,543,N
10,31,1,1430,WN,MDW,TPA,997,N
3,3,4,2142,HP,PHX,LAS,256,N
5,31,2,1953,UA,ORD,ATL,606,Y
3,20,1,850,DL,SAV,ATL,215,N
2,25,5,1303,MQ,DFW,HOU,247,N
11,2,3,1916,FL,MDW,ATL,590,N
5,17,3,1535,EV,MCO,GPT,486,N
9,17,7,2302,FL,ATL,BUF,712,Y
9,21,3,1245,AA,DCA,MIA,920,N
12,17,6,1056,AS,FAI,ANC,261,N
4,30,7,2240,EV,ATL,SYR,793,N
9,1,4,1129,XE,CLE,SYR,317,N
8,12,6,818,UA,ORD,LAX,1745,N
11,12,7,555,US,SLC,PHX,507,N
5,20,5,942,DL,ATL,DCA,547,N
10,5,3,1143,XE,MHT,EWR,209,Y
5,4,4,1741,AA,SFO,LAX,337,Y
6,19,7,614,DL,RIC,CVG,413,N
4,16,6,628,AA,SAN,ORD,1723,N
7,19,3,2118,WN,BWI,PHX,1999,Y
7,21,4,1241,UA,DEN,IND,977,N
11,24,5,1453,UA,DEN,SAN,853,N
2,21,1,1127,FL,MCO,ATL,403,Y
5,8,7,639,UA,ORD,PIT,412,N
7,13,4,1546,CO,TPA,CLE,927,N
10,4,2,905,OO,SEA,GEG,224,N
2,26,6,830,DL,ATL,MIA,595,N
9,5,1,1833,MQ,GRK,DFW,134,N
5,27,5,900,OH,CVG,PHL,507,N
1,27,5,625,OO,FAT,LAS,258,N
8,6,6,1900,FL,DFW,MCO,984,Y
4,21,5,2022,YV,DEN,EGE,121,N
9,14,4,715,WN,SLC,DEN,391,N
7,2,7,2135,WN,SMF,ONT,389,N
9,7,3,1005,OO,DEN,SLC,391,N
9,16,6,2127,US,CLT,ILM,185,N
8,19,5,2020,WN,BNA,BWI,588,N
6,9,4,755,FL,ATL,TPA,406,N
11,7,2,1659,WN,SAN,OAK,446,N
12,10,6,2055,B6,BOS,FLL,1237,Y
4,9,6,1413,MQ,DFW,LBB,282,N
7,11,2,2112,CO,IAH,ELP,667,N
3,30,4,1820,WN,TPA,PVD,1137,N
7,5,2,1742,FL,ATL,HOU,696,Y
10,1,6,1009,XE,EWR,PWM,284,Y
5,31,3,825,OO,XNA,SLC,1004,N
12,4,1,633,AS,SEA,SNA,978,N
12,8,5,710,WN,RSW,MCO,133,N
3,13,1,856,UA,LAX,OGG,2486,N
3,11,5,1310,NW,PBI,DTW,1087,N
12,27,3,1410,EV,FNT,ATL,644,Y
7,4,2,806,US,ROC,CLT,573,N
10,17,1,1830,WN,HOU,DAL,239,Y
12,5,1,1525,OH,AZO,CVG,225,N
4,12,2,1655,WN,MCI,OKC,313,N
4,3,7,1115,B6,IAD,FLL,901,Y
6,7,2,821,F9,PHX,DEN,602,N
3,20,1,731,MQ,FSM,DFW,228,N
11,18,5,1525,WN,MDW,MCO,989,N
12,29,4,1620,DL,BOS,FLL,1237,Y
3,23,4,1157,AA,BNA,DFW,631,N
4,23,6,1311,NW,MSP,MIA,1501,N
4,9,6,1229,DL,SEA,CVG,1964,N
1,31,2,1417,WN,PHX,ABQ,328,N
8,16,2,1645,UA,DEN,BWI,1491,N
6,21,3,2246,XE,IAH,MFE,316,N
5,12,4,1325,XE,EWR,BUF,282,N
11,14,1,929,US,FLL,CLT,631,N
4,4,2,1654,US,LGA,BOS,185,N
12,29,5,1812,WN,MCO,MCI,1072,Y
2,5,7,1158,B6,DEN,JFK,1626,N
11,25,6,759,FL,ATL,MDW,590,N
3,29,2,630,WN,STL,MDW,251,N
6,9,4,922,XE,IAH,TUS,936,N
5,12,4,1342,DL,JFK,FLL,1069,N
10,20,5,1616,DL,ATL,LGA,761,Y
5,28,6,833,MQ,BOS,BWI,370,N
10,8,7,815,EV,ATL,PIT,526,N
12,23,5,1500,B6,JFK,SJU,1597,N
7,19,2,650,WN,TPA,MSY,487,N
12,7,3,846,MQ,TVC,ORD,224,N
11,6,1,1812,MQ,LAX,SAN,109,N
10,1,7,1618,AA,DFW,MSY,448,N
11,11,6,2019,AS,ANC,FAI,261,Y
9,4,1,1028,AS,SEA,ANC,1449,N
6,2,5,1015,OH,BWI,CVG,430,N
9,27,2,752,MQ,ORD,DSM,299,N
8,6,7,1754,FL,BOS,PHL,280,N
11,25,5,1037,EV,ALB,ATL,852,N
4,24,7,659,AA,IAH,DFW,224,N
9,11,7,952,AA,LGA,FLL,1076,N
12,18,1,1759,OH,HPN,CVG,597,N
11,18,5,1624,MQ,BOS,CMH,640,N
7,11,1,2038,FL,SRQ,ATL,445,Y
11,21,1,914,DH,IAD,PVD,372,N
9,7,3,1215,EV,MLB,ATL,443,N
8,11,5,944,WN,LAX,PHX,370,N
5,14,7,1017,AA,PHX,DFW,868,N
10,17,1,1038,AA,TUS,ORD,1437,N
2,2,4,1657,US,PHL,PIT,267,N
6,17,5,1949,AA,SJU,EWR,1608,Y
11,3,5,626,CO,SMF,IAH,1609,N
8,12,6,2111,UA,DEN,IAH,861,Y
6,15,3,725,EV,HSV,CVG,325,N
8,14,7,1611,AA,ORD,SEA,1721,N
8,9,2,1027,UA,MSP,ORD,334,N
12,4,7,1343,UA,SLC,ORD,1249,Y
3,31,5,1611,MQ,DFW,SJT,228,N
2,28,2,1100,OO,TUS,DEN,639,N
6,18,7,1823,YV,PHX,ELP,347,Y
9,6,3,1326,UA,DEN,SEA,1024,N
12,11,1,1504,DL,ATL,RSW,515,N
11,4,5,745,AA,DFW,SJU,2165,N
3,18,5,1851,XE,ROC,CLE,245,N
11,1,2,1424,EV,MSP,ATL,906,N
9,13,3,1015,AS,LAX,PDX,834,N
4,24,1,1612,XE,BUF,CLE,192,Y
8,9,3,2350,F9,DEN,BWI,1491,N
6,8,3,1345,NW,DTW,RSW,1085,N
9,13,3,1234,AA,MIA,STX,1139,N
12,26,1,1346,NW,MSP,SEA,1399,Y
3,30,3,645,DL,FLL,ATL,581,N
6,10,6,637,MQ,LEX,ORD,323,N
4,5,3,1105,EV,RIC,ATL,481,N
1,19,4,613,OH,DTW,CVG,229,N
8,9,2,1003,OO,DEN,FSD,483,N
8,20,6,1232,UA,DEN,JAC,406,N
1,10,1,821,DL,SLC,ATL,1589,N
4,8,5,1549,EV,ILM,ATL,377,N
5,28,6,820,XE,EWR,PVD,160,N
12,12,1,2320,EV,ATL,OKC,761,Y
4,8,5,1810,HP,PHX,EWR,2133,N
8,6,7,1410,MQ,SJC,LAX,308,N
11,16,4,1639,AA,BHM,DFW,597,N
9,26,2,924,MQ,BWI,BOS,370,N
6,6,1,1752,AA,SJC,HNL,2416,Y
10,14,6,1210,AS,SEA,LAX,954,N
8,13,7,1940,MQ,LAX,SBP,155,N
6,15,4,200,XE,SLC,IAH,1195,N
6,18,7,1518,FL,PBI,ATL,545,N
3,12,6,657,US,MSY,PHL,1088,N
6,8,3,1225,WN,BWI,STL,737,N
5,26,5,1932,AA,DEN,DFW,641,Y
6,17,6,938,US,CLT,SAN,2077,N
12,7,3,1057,UA,DEN,TPA,1506,N
6,24,6,1458,WN,LAS,BUR,223,N
9,18,7,813,EV,ATL,PIA,564,N
4,14,4,1454,US,SAV,CLT,213,N
8,5,6,1822,OO,FSD,ORD,462,N
7,11,2,1142,US,PBI,DCA,857,N
2,2,4,1449,YV,COS,PHX,551,N
12,5,1,757,DL,DCA,CVG,411,N
8,10,3,2205,WN,HOU,DAL,239,N
10,5,3,1814,MQ,FSM,DFW,228,N
11,18,5,705,WN,SMF,SNA,404,N
5,23,1,1648,EV,HSV,TPA,523,Y
8,23,2,1541,DL,LGA,FLL,1076,N
11,3,4,1235,OH,BUF,CVG,410,N
4,28,5,815,FL,PIT,MCO,834,N
4,25,1,1430,OO,FAT,VIS,36,N
3,15,2,844,OH,CVG,CLT,335,N
12,16,5,704,AA,DFW,LGA,1389,Y
5,7,7,1550,WN,SAN,OAK,446,N
11,1,2,1116,MQ,CLT,ORD,599,N
8,6,7,1528,DL,ATL,JAX,270,N
10,26,3,755,FL,MCO,BWI,787,N
7,31,7,557,AA,STL,DFW,551,N
9,6,3,1839,AA,MCO,DFW,984,N
4,8,5,1059,EV,CVG,ISP,626,N
7,25,1,1208,OO,ORD,SGF,438,Y
5,27,5,912,NW,SYR,DTW,374,N
11,3,4,1650,MQ,ORD,SYR,607,Y
6,1,4,1700,FL,ATL,MCO,403,N
8,1,2,1445,UA,DEN,ORD,888,N
4,28,4,1703,MQ,ORD,PIA,130,Y
10,11,3,1025,AA,AUS,DFW,190,N
9,19,2,2000,B6,JFK,HOU,1428,N
11,14,1,1205,DL,MCO,ATL,403,Y
1,7,5,859,HP,MSP,LAS,1300,N
1,31,2,1531,MQ,ORD,CLT,599,N
6,16,4,1259,NW,FLL,DTW,1127,N
9,10,7,2115,AA,KOA,LAX,2504,N
4,2,6,1927,UA,BWI,ORD,622,N
4,16,7,1025,WN,BWI,PHX,1999,N
12,29,4,1143,CO,IAH,HDN,986,N
4,25,2,2124,YV,ORD,BNA,409,N
5,29,7,1330,WN,RDU,PHX,1891,N
10,11,2,1604,XE,IAH,JAX,817,N
7,18,2,1505,F9,DEN,DFW,641,N
1,25,3,1602,DL,JAX,ATL,270,N
11,27,1,746,MQ,DFW,LIT,304,Y
1,7,6,1300,WN,BNA,LAS,1588,Y
6,18,7,1054,YV,BNA,ORD,409,N
6,25,7,1922,OO,SLC,FCA,532,N
9,25,1,1845,WN,BNA,CLE,448,N
11,9,3,827,F9,BWI,DEN,1491,N
11,15,2,655,MQ,BOS,LGA,185,N
10,28,5,1211,UA,DEN,BOS,1754,N
1,16,7,1104,AA,MIA,LGA,1097,N
12,5,1,1536,NW,DTW,LAS,1750,N
2,4,6,857,UA,SFO,SEA,679,N
8,29,1,1216,MQ,TUL,DFW,237,N
11,9,4,1610,WN,PDX,BOI,344,N
11,2,4,1149,EV,MKE,CVG,318,N
7,29,6,1240,AA,DFW,RSW,1017,N
4,29,5,902,DL,PWM,CVG,810,N
1,1,6,1535,UA,DEN,IAD,1452,N
10,16,1,1335,OO,LAX,SAN,109,N
4,9,6,1334,MQ,DFW,HOU,247,N
12,17,6,1952,CO,MCO,EWR,938,Y
2,10,4,1242,US,BOS,DCA,399,N
1,27,4,704,DL,LEX,CVG,70,N
9,7,3,920,OH,PVD,CVG,722,N
7,12,2,2234,DL,ATL,TYS,152,Y
1,6,4,1829,AA,MIA,TPA,204,N
10,11,3,655,WN,TPA,ISP,1034,N
10,9,1,733,UA,ONT,DEN,819,N
3,5,6,800,XE,MSY,CLE,917,N
4,30,7,1625,DL,BOS,LGA,185,N
2,24,5,1201,OO,LAX,YUM,237,N
11,8,3,2135,WN,SLC,LAS,368,Y
3,18,5,2051,MQ,LGA,DTW,501,N
2,23,4,653,NW,IND,DTW,231,N
1,31,2,1247,AA,ORD,SNA,1726,N
7,1,5,827,UA,ORD,BOS,867,N
9,25,1,2006,OO,ORD,LNK,466,N
6,5,1,551,MQ,SHV,DFW,190,N